text,label,predicted_label,predicted_probability
android marshmallow <number> . <number> . <number> won't let me log on the by existing account just keeps saying setting up bbm please fix,negative,negative,0.6155933141708374
map animation stopped working,negative,negative,0.8236347436904907
"good, but slow workflow.",positive,neutral,0.7029767036437988
nice app to use with friends,neutral,positive,0.9038645029067993
"i love this app, but i wish they had more outfit selections for maternity. other than that it's pretty awesome.",positive,positive,0.906093180179596
radar in motion won't work.,negative,negative,0.9620575904846191
only opened <number> st <number> th pages of <url>,negative,negative,0.8566959500312805
when i was being rained on it said no rain in your <url> it is still a good weather app.,neutral,neutral,0.5301169753074646
everthing is tought before its use,neutral,negative,0.6318625807762146
good content. worth downloading,neutral,positive,0.6869484186172485
"it's a great and fun app for emoji use, i like the customization. but there needs to be more clothing and style options. i feel like there needs to be styles with clothing and hair, such as punk, goth, rocker, traditional, futuristic, fairy, and many more. other than wanting more styles to choose from this app is great",positive,positive,0.8969956040382385
"wow, this is a terrible app. no open dialog or page goto. i had expected better from an actual adobe app.",negative,negative,0.9686974287033081
i m fed of this <url> has posted it add every where,negative,negative,0.7026198506355286
it is very usefull browser,positive,positive,0.8188687562942505
its a bit slow vs thinking office and also text anti aliasing is bad,neutral,neutral,0.8338956832885742
"it was great for me and the owner was very nice to us.,but the price change when i pay from <number> to <number>",neutral,neutral,0.5629698038101196
provide some good <url> the only bad thing about this app is lack of good <url> hope you make it <url>,neutral,positive,0.5326429605484009
problem with saving large photos plz fix ir,neutral,neutral,0.7663049101829529
its a good app but we dont have a night mode option for reading in which the background becomes black and text becomes white in color.,positive,neutral,0.8336400389671326
i hate the new version of bbm,negative,negative,0.9310590028762817
is an interesting app to use.,positive,positive,0.9112903475761414
"used to be great. now lots of issues with network. i keep getting no network errors, as failed to update errors even when signal is great, or i'm connected to my wi-fi at home.",neutral,negative,0.5963296294212341
it always has me in virginia and i live in florida,neutral,positive,0.603915274143219
it is the very good ape to any one download,positive,positive,0.9002730250358582
not up to the mark,neutral,neutral,0.740329921245575
useless boring it's of no use now days just like mxit,negative,negative,0.9385573863983154
very easy to use,positive,positive,0.922224223613739
worst upadate this update dont respond whenever i access my download section so hated it.,negative,negative,0.9682909846305847
i have lots of state that i watch. my home town will not show what it feels like. all the others do. i have tried a few different things and it won't work. don't understand but it is important to me to know how cold it feels out. i can go to hourly and it tells me but should not have to! i'm uninstalling!,neutral,negative,0.8855168223381042
better and more accurate then most other weather apps.,positive,positive,0.9082573652267456
fun!!! just wish i could make one of my bf.,neutral,positive,0.816074550151825
worthless does not open password protected pdf as stated,negative,negative,0.9567857980728149
shoddy ui and keeps logging me out,negative,negative,0.890133261680603
"very accurate, which is important! how about a <number> x <number> widget?",positive,positive,0.7701640129089355
i like the set up.,positive,positive,0.8720085620880127
"looks interesting at initial install, however the advertisement photos and the camera lay out are different to my install on a samsung galaxy note <number> . missing too many features compared to the full pc. version, particularly tagging and indexing. camera is not as good as the original camera being on the dark side. a nice app. however adds not enough to warrant keeping. perhaps in the future updates. most notably is missing the side by side photo comparison which was the main reason for installation.",neutral,neutral,0.7308731079101562
nexus <number> and samsung s <number>,positive,neutral,0.4951117932796478
"crashing. app crashes and freezes constantly. on htc one m <number> , and the app is completely broken.",negative,negative,0.956303060054779
plz provide watermarking <url>,positive,positive,0.49237391352653503
u can download all movies in any language at movie <url> it okkk,neutral,neutral,0.754316508769989
pls add more features for android like iphone features,neutral,positive,0.5011057257652283
nice app but when i taking picture with this app i have little problem here the range have limited only <number> - <number> meter even i set focus to infinity still can't get to it. i shoot with pro mode <url> you can fix that it will be <url>,neutral,positive,0.5586861968040466
it's not a web browser. it's an ad browser,negative,negative,0.8841453194618225
a lot of a bug here,negative,negative,0.6815031170845032
shame forest starts again every day would be nice to build a huge forest like monthly or so,positive,neutral,0.5405370593070984
"this app is so fun! my friends and family love exchanging silly bitmojis in our texts. the only reason why i gave it <number> stars is because i wish there was a way for your to organize the bitmojis, so you can quickly access certain ones instead of having to scroll through them or search. also, the outfits are pretty awful. they need a little more fashion. lol however, the art and creativity in the bitmojis are terrific!",positive,positive,0.8712143301963806
i love it but we need video support!,neutral,positive,0.8556411266326904
the app is is good but,neutral,neutral,0.7767434120178223
it is taking forever to load. never had this issue before. just started a few weeks ago,neutral,neutral,0.5649650692939758
map stopped animating over a week ago on my samsung galaxy s <number> . please fix. used to be the <signature>,negative,negative,0.6222330331802368
"it definitely helps me stay focused and off my phone. the one complaint i have is that when i have my phone on silent/vibrate, when i plant a tree my phone goes into standard/sounds on mode. i don't like that at all, i have it on silent for a reason.",positive,positive,0.8026692271232605
one   for doing this nasty ios port,negative,negative,0.9082974195480347
unmounted my sd card,negative,negative,0.9549684524536133
why can i not delete saved locations? and ive read thtough it many times and dont see anyway at all to delte previously saved locations!!? im going to have to uninstall the app and then reinstall it to reset this location deleting issue u have!?!???,neutral,negative,0.8621258735656738
"lacks capability to browse for local file. no goto page option, <number> page documents impossible to read. no 'bookmark' to save <url> apps avail",negative,negative,0.7640119791030884
bbm is easy to use and simple way for chating to my friends and <url> !,neutral,positive,0.8316404819488525
make it better please,positive,neutral,0.5706451535224915
"i liked the game as well as the concept. it would be better if it gave a sort of buzzer when time was up, and if you could add some personalization.",positive,positive,0.8636544942855835
"useful app nice app for opening documents, no adverts,easy to use and doesn't need a lot of experience",positive,positive,0.916330099105835
easy to book and great choice and information.,positive,positive,0.9364393949508667
never trust earth networks again,negative,negative,0.9364412426948547
what happened to the elite version i paid for?,negative,negative,0.9349344968795776
lots of problems with the map,neutral,neutral,0.528461217880249
simple and easy to use,positive,positive,0.8115089535713196
"enjoyed the app until the <url> then the ticker quit <url> the pop up ads in the ticker are annoying. when you get all that shut off in settings, it works great!",positive,positive,0.5655407905578613
radar does not work. will not stay on my home city.,negative,negative,0.9682629704475403
it would be nice if it was in different languages.,neutral,neutral,0.5617086291313171
some tools can be available and improved without having to open an account or sign in each time like with drive but in general is pretty useful and have good features also please create the bin icon instead of the <number> dots and once you choose a file you can't delete only if you go back,positive,positive,0.8108906745910645
"i love it! however, i do a lot of work on my phone and so i would like an option to run the app while using my phone, without it killing a tree!",positive,positive,0.9067289233207703
good app easy to use. the lens correction function doesn't seem to work though. but maybe i am unaware of how it's supposed to work.,positive,neutral,0.5371630787849426
there should be feature by which we can see who saw my message in a group and who doesn't. like we have in what's app,positive,neutral,0.6807752847671509
"can we get this to, somehow, plant an actual tree? say, for a certain amount of trees grown succesfully a tree gets planted at some forest in need.",negative,neutral,0.5903981328010559
contains alot of ads,positive,negative,0.49579086899757385
can't search area,negative,negative,0.6622795462608337
good app for team communications,positive,positive,0.7238820195198059
stopped showing up in my status bar,neutral,negative,0.6670777797698975
use it for studying,positive,positive,0.7889317274093628
too much ads i dont want uc news stop showing me ads to download uc news,negative,negative,0.9107273817062378
installed this app on my zt <number> tablet but wont work annoying!,negative,negative,0.8885120153427124
the tree does not die no matter which app i <url> i have tried every setting possible but it doesnot <url>,negative,negative,0.7745327353477478
i love  this app,positive,positive,0.4403894245624542
need to have female and males,neutral,neutral,0.60979825258255
add tick tick clock sound in it,positive,positive,0.685459315776825
the radar won't work with samsung galaxy s <number> . so lame,negative,negative,0.9557339549064636
great app. and loads pdf docs faster than many other apps,positive,positive,0.9330386519432068
"fun app! wish i could draw some added details, but fun anyway.",positive,positive,0.797453761100769
pretty cool app to have.,positive,positive,0.5391428470611572
"clumsy auto-import, but great overall",positive,neutral,0.6584751009941101
useless without raw support,negative,negative,0.9623197913169861
tried to use it for my team at work but they just wanted to use the whatsapp groups they currently do which is basically the same thing.,neutral,negative,0.531505286693573
i think this a smart browser but opera mini fast then uc but good effort by devolpers,positive,positive,0.683923065662384
i am facing problem while using it needed to work on user interface its getting slow and hangs sometimes,neutral,neutral,0.5487750768661499
"it's an ok app, compared to whatsapp and line messenger",neutral,neutral,0.7283352613449097
"won't open any .pdf files on my tmo vibrant (bionix <number> . <number> ), useless.",negative,negative,0.9716600179672241
can you fix the quality of display picture,positive,neutral,0.6841773390769958
can't move app to sd card,neutral,neutral,0.6220964789390564
good app but more facilities we exprcted,neutral,positive,0.539665162563324
app works great. consider changing the red triangular notification to a solid red color in the notification bar in android. on my note <number> it appears as transparent in the notification bar at the top.,positive,positive,0.7249377965927124
plz update it it stick in the loading screen forever,negative,neutral,0.607688307762146
i like it but i wish there were more things and i wish we could customize shirts and stuff,positive,positive,0.918679416179657
my messages aren't going through to anyone. please fix immediately.,neutral,negative,0.5569165349006653
"i love it, but i'll select one to use and then it will show the new one sent, but a short time later, it will show that i resent an old one, not the one i just selected.",neutral,positive,0.8096532821655273
my radar has stopped working! i've never had a problem with it until today please fix!,negative,negative,0.842029333114624
working properly for awhile and crashes later on,neutral,neutral,0.505511462688446
"a well-crafted, simple app",positive,positive,0.9127970933914185
it was okay at the start and got me focussed but my phone's screen timed out and locked and then my tree withered. please fix this,negative,neutral,0.7656722664833069
it's pretty useful!,positive,positive,0.6784967184066772
why can my friends get the bitmojis with two people but i can't? frustrated.,neutral,neutral,0.6659234166145325
remove obscene quotes and gestures,negative,negative,0.8705757856369019
pretty good. app wish it let you face scan yourself.,positive,positive,0.695976972579956
very good but crashes often,neutral,positive,0.4911803603172302
"lacking lens correction and blur features, otherwise i'd love it. please consider adding these, otherwise i'll have to use photo mate r <number> , cause while it doesn't have blur feature's it has great lens correction features so i can get my chromatic aberration effect : <number>",positive,positive,0.7023068070411682
the animation stopped working please fix!,negative,negative,0.8826830983161926
goood one no one can see images unless u do hd,positive,negative,0.6841367483139038
the app lags and consume lots of space.,negative,negative,0.6662577390670776
"great app, using for an <url> but, could it be upgraded with the feature 'desktop mode' ?",positive,positive,0.7255113124847412
it was good before,neutral,neutral,0.6178303956985474
i like the old spark better it was more accurate cuz it told you exactly how many miles away the lightning was now you gotta zoom in on the map just to see in a round about ways of where the lightning <url>,neutral,positive,0.6592652201652527
"i really like it, but for a while now it hasn't been making my tree die when i touch my phone. also, after completing a set amount of time there's another number underneath my tree. i can't figure out what this means.",positive,positive,0.705771267414093
annoying buttons below the chat text box.,neutral,neutral,0.6749594211578369
i like this app for esuy to watch movie,positive,positive,0.8077157139778137
"aaa please tell me why it doesnt show my cherry blossom <url> i just unlocked it with <number> coins, and i cant find it to grow it. arghh its frustrating.",neutral,negative,0.6085416674613953
needs to save where you last left off thats all it needs <number> stars when it updates,neutral,neutral,0.6430264711380005
the app draws the mobile addict in you and plays with his/her psyche.,positive,positive,0.7706937789916992
it is helpful for fast downloading,positive,positive,0.893418550491333
hard to access emojis/sticker,positive,negative,0.7216785550117493
why this app has become so big? earlier it used to be only <number> mbs now its <number> . please reduce the size. <signature>,neutral,neutral,0.6228104829788208
directions make no sense,negative,negative,0.5062385201454163
great app for photography but,neutral,positive,0.653306782245636
why can't they fix these issues,neutral,neutral,0.5810702443122864
not working with whats app,negative,negative,0.9187564849853516
you have to put the search option in the app,positive,neutral,0.6647272109985352
"its very usefull, also good <url> !!!",positive,positive,0.8966739177703857
"its good. but the problem is whenever i charge my phone, and the forest app has been running, the moment the charging the moment the tree died. and i do not get a single coin. lol is not my fault that the tree died, but what i got-o coins and a dead tree.",neutral,neutral,0.8380796313285828
tel me what to do,positive,neutral,0.510926365852356
some websites say i don't have adobe even though i have this loaded.,neutral,neutral,0.510083019733429
it is easy to find your distination but there is always a less price,neutral,neutral,0.6569072008132935
i havent many friends here,positive,negative,0.7309685349464417
"would like updates on the sun over a <number> hour loop, as well as wind maps, water temps. but one of the <signature>",positive,positive,0.8446932435035706
where are the local adjustments?,positive,neutral,0.6457290649414062
very easy to <url>,neutral,positive,0.9140397310256958
easy to use very good deal.,positive,positive,0.9288400411605835
this app doesnt want to sign me up,neutral,negative,0.9679310321807861
always showing install even it has already installed,positive,positive,0.6464977860450745
the zooming feature is slow and consequently difficult to use.,neutral,neutral,0.7379558086395264
great tool for on the go!,positive,positive,0.9225422143936157
raw format not supported,neutral,neutral,0.6792649030685425
"it's a cool thing to have, but it won't sync up with the mozilla addon",positive,neutral,0.8465370535850525
great app but keeps crashing,neutral,positive,0.5603642463684082
"bbm is good ,hate the adverts",positive,negative,0.7005571722984314
how about a tablet ui?,neutral,neutral,0.5885511040687561
prefer the website more,neutral,neutral,0.600955605506897
"good design. hope the plant real trees is a true story! also, why the highest ranking people are mostly asian? should expand your customers",positive,positive,0.7642948627471924
"i am not disappointed, but pixlr is still a way better software.",neutral,neutral,0.6283484697341919
"i love playing with bitmojis. the clothes in the personalization could use some updating, though. very little are things i'd ever actually wear. it would also be nice to add friends directly on the app to interact with their own bitmojis outside of snapchat.",positive,positive,0.9202054142951965
i love it. i just wish i could delete images that i find offensive and would never use.,positive,positive,0.8569139838218689
i think in the new update they let you color customize any hair style and let you put cuts in your eyebrows.,positive,positive,0.7912200689315796
automatically resizes with no way to change!!,negative,negative,0.9404311180114746
don't like the new update,positive,neutral,0.5423058867454529
i like my bbm now . <signature>,positive,positive,0.7702015042304993
no more trees since update. just shrubs :'(,positive,neutral,0.5146758556365967
would not updated on my phone and i tried like <number> times,negative,neutral,0.6285203695297241
"needs more body shapes and sizes, as well as face lines around nose/cheeks",positive,neutral,0.6987756490707397
took away floating head in txt,negative,negative,0.7741377949714661
stopped working on my phone since the last update. will bring rating up when the problem is fixed.,negative,negative,0.6333893537521362
works well. most of my pdf files require me to enter a username and password. this app will not allow me to. any chance of adding that?,neutral,neutral,0.7196829319000244
"it's <url> ,add select area <url> mean make selection by <url>",neutral,positive,0.5529871582984924
app doesn't always work. temp won't show in n status bar. doesn't keep track of moving locations,neutral,negative,0.7247206568717957
i hate this update,negative,negative,0.9418424963951111
new updates are beyond worse,negative,neutral,0.5462392568588257
where is wbug elite i paid for???,negative,negative,0.943019449710846
make the time lapse between editing each feature shorter,positive,neutral,0.7465959787368774
add one more feature,positive,positive,0.6067987680435181
the app was useful but avg virus scanner said it contains malware so i'm uninstalling to be safe,negative,neutral,0.6933158040046692
i couldn't open it.,negative,negative,0.9332879781723022
i think that uc is very nice,neutral,positive,0.7190497517585754
mis the original bbm,negative,negative,0.7969914674758911
new ui tanks usability,negative,positive,0.562971830368042
this app is so good,positive,positive,0.5928037762641907
doesn't work on my htc droid eris!! can't open pdf attached emails. uninstalling!!,negative,negative,0.9686440825462341
it's very good app for android mobile s,positive,positive,0.8818564414978027
temp is all wrong,neutral,negative,0.8078393936157227
id's easy to use and very helpful,positive,positive,0.922629177570343
"it seems everytime we're about to get severe weather, the app stops working. radar doesn't work, storm tracking doesn't <url> most critical time for something to work is during or before a storm, such as we're supposed to get today. this app works great on bright, sunny <url> 't depend on it if a storm is brewing though. it will quit working on you.",neutral,neutral,0.7444681525230408
i guess its just the world i live in???,negative,neutral,0.613628089427948
just an idea. when editing/creating my bitmoji i think it'd be neat to have the option to mix and match parts of different outfits together or even change colours of parts.,positive,positive,0.6327239274978638
app is good. no weather forecast is <url> very vague predictions.,positive,neutral,0.7938842177391052
cannot attach pictures to reviews,neutral,neutral,0.668948769569397
great weather app! easy to use and quick to load. only wish it was easy to find a forecast video on it.,positive,positive,0.9267256855964661
issue on local wifi,neutral,neutral,0.6121232509613037
i dont like this app,negative,negative,0.8648720979690552
on the right track,positive,positive,0.6229882836341858
best app for browsing,positive,positive,0.9013490080833435
needs a dark mode for the notification bar. hate the bright white glaring at me.,positive,neutral,0.7031484842300415
"good app, but it doesn't support gif in android",positive,neutral,0.812255322933197
<salutation> i tried to sign in and i gave my email and password and from u a email also came but what next to <url> tried to click check again and continue but nothing happened,positive,negative,0.7208443880081177
been using for several months now as a communication tool for various members of a nonprofit organization. it's only downfall that i can see are the occasional missed update alert and that there is no notification badge on the icon.,positive,positive,0.8147383332252502
works for what i need,positive,positive,0.7625116109848022
it's saying it's not up to date so i can't view my file. -htc evo,neutral,neutral,0.7220208644866943
when you know how to use it it's pretty fun and useful same with adobe photoshop touch i have a ton of fun with that but you just have to know how to use it or it will not be fun that's why people are reading it for star i read it <number> stars i love it but only because i know how to use it,positive,positive,0.7393491268157959
best app ever ( my opinion),negative,positive,0.8837515711784363
doesn't tie your account to gmail - so every new phone (or reflash) you have to retype <url>,negative,negative,0.8492001295089722
great application for team collaboration,positive,positive,0.9295905828475952
"crash easily,make my phone <url> its a great <url> u!",positive,positive,0.6633340120315552
the menu bar above keyboard is annoying,positive,neutral,0.6080837845802307
it's an essential tool.,positive,positive,0.9071604609489441
this bbm doesnt work properly with the samsung notebook <number> . it is always showing limited bbm access. pls fix this,neutral,negative,0.7636176347732544
"unless i open the app, i get no notifications even when my name is mentioned",negative,negative,0.870824933052063
it's good app but need more apps related chat process,positive,neutral,0.5102912187576294
"doesn't open all pdfs. i do a lot of work dealing with architectural plans. this does not render all of the pdfs (some open fine, others open blank).",negative,negative,0.7170081734657288
quick way to book a motel when you need too,neutral,positive,0.7382551431655884
can get out of the app by home button and use your <url> timer runs in the <url>,neutral,neutral,0.614709198474884
"honestly a joke compared to the desktop version of lightroom. i have one of the most powerful phones in existence and this app can't even scroll without lagging. i reinstalled today, <number> months later to find not only has nothing changed but my trial has expired and i now need to pay to use a laggy gimped version of software i already own.",negative,neutral,0.5967738032341003
better for <url> !!!! you will try <url> !!!!,neutral,negative,0.9056007862091064
backup feature was awesome,positive,neutral,0.47157081961631775
amazing to use this one like superb,positive,positive,0.9109942317008972
i can't post on any website.,neutral,negative,0.8822413086891174
want some other features,neutral,neutral,0.6683949828147888
this app is not user friendly,neutral,negative,0.8618399500846863
force closes <number> / <number> !,negative,negative,0.8656256794929504
what a waste of this apps effort the image meta data are always show false info when export image to gallery,negative,negative,0.9623854756355286
it's a nic app n helpful <url>,positive,positive,0.772266149520874
how to change time ??,neutral,neutral,0.5784823894500732
it's ok but this new version is not so impressive,neutral,neutral,0.8539705872535706
this is a good movie downloader,positive,positive,0.767812967300415
want my old avatar can't find it,negative,negative,0.7212361097335815
best of pdf file app,positive,positive,0.8358967304229736
i would have gave <number> stars if y'all had more cute outfits for the girls to wear that is seasonal appropriate,positive,positive,0.7369938492774963
was ok but i can easily use other apps when i press home,negative,neutral,0.7446272969245911
"useless. can't log in using the app at all. deleted and reinstalled several times, still no luck.",negative,negative,0.9686106443405151
"easy to use, but if i plant a tree to grow and then leave the app it doesn't die. don't know if that's a bug in the app, but knowibg it won't die once i exit the app gives me no reason to stay focused",positive,neutral,0.5809058547019958
cuts down on paper usage.,positive,negative,0.8864976167678833
<salutation> then dropped it. and now the radar animation doesn't work.,negative,negative,0.9602996110916138
"good idea, but too slow on android. much better on desktop.",negative,neutral,0.7414682507514954
"like everything about it, except that the radar animation is a little clunky.",positive,neutral,0.5204916000366211
it's the king when it comes on downloading from internet i really appreciate it,positive,positive,0.8262149095535278
"i'm using uc browser from many years and its was amazing but from the last update i got, it get <url> everytime i open new site, it shows an error everytime. please fix this.",neutral,neutral,0.5751919150352478
cant install this app on my s <number> . error cant install in default location,negative,negative,0.9288621544837952
needs to include precipitation estimates,neutral,neutral,0.7819551229476929
new version is a step back,negative,neutral,0.42466697096824646
great but watch little bug,neutral,positive,0.8132870197296143
i love this app.,positive,positive,0.5948716998100281
"love the idea, and as long as i didn't touch my phone notifications and such didn't ruin my progress. however if i try to exit out of the app (to use whitelisted apps like my calculator) then it 'killed' my trees.",neutral,positive,0.49805915355682373
"my mom found this before i did! i'm <number> and even i like it. lol great for all ages. you can make it look just like you to every detail, many clothes and accessory choices, and when you want to send a text to somebody they basically have everything you might want to say to somebody in a text or to reply back to somebody in a text message. plus cute little emojis of yourself doing things.",positive,positive,0.9229137897491455
ads ads ads everywhere,neutral,negative,0.9217365384101868
has gotten a bit better since last review. i really like the lightning strike display. helps me with my lightning photos,neutral,positive,0.9145252108573914
i really enjoy it,positive,positive,0.7333664298057556
i rely on accurate radar as i work outside everyday on a golf course. the daily and the hourly forecast constantly contradict each other though now and it's hard to figure out what the actual weather will be so i can only really rely on radar.,positive,positive,0.6592990756034851
"i enjoyed it, but the app deleted all of my purchases, such as trees and sounds",neutral,neutral,0.6302554607391357
so far it's good,positive,neutral,0.5856947898864746
would like some custom messages when trees are planted,positive,positive,0.7278813123703003
used to be good,negative,negative,0.7872015833854675
make category select bradcast message!,neutral,neutral,0.46997761726379395
causes allot of problems will change dates etc when making a booking. prob better off staying with web page.,negative,neutral,0.5555529594421387
reflow feature quirky. can't somehow help feeling suspicious it is bugridden inside.,negative,neutral,0.7379620671272278
i don't <url> i can't understand this appp,neutral,negative,0.8895285129547119
crashes on galaxy s,negative,negative,0.8029501438140869
force closes all the time. from a company with a good to great rep. i had expected better,negative,neutral,0.534156858921051
great <url> ruined with ads,neutral,negative,0.9569252729415894
worst experience at hotel,negative,negative,0.9673351049423218
heating and battery problem,neutral,neutral,0.5034135580062866
fed up with advertisements. oh my gosh. cannot tolerate this application anymore,negative,negative,0.9435300827026367
this is the fastest app searching mode,positive,positive,0.8060739040374756
"nice app for managing ongoing projects, teams, groups.",positive,positive,0.9405731558799744
is not allways up to date with current weather.,positive,neutral,0.8044119477272034
realy superrrr <url> saver app,positive,neutral,0.6480191349983215
<number> day trial? and then creative cloud?,negative,negative,0.6892479658126831
the print button keeps shutting itself down,positive,negative,0.51762855052948
average performance in download,neutral,neutral,0.7222645878791809
animation on radar stopped,negative,negative,0.920403778553009
"so far so good. surfing is made enjoyably interesting, thumb ups.",positive,positive,0.8582855463027954
bbm sucks on my galaxy s <number> mini .,negative,negative,0.9111986756324768
what did i download?,negative,negative,0.8379068970680237
my favourite editing apl,positive,positive,0.8948425054550171
so easy to use and appropriate advice,positive,positive,0.9316868185997009
doesn't work properly.,negative,negative,0.9573682546615601
"generally good, sometimes price filter doesn't work well.",positive,positive,0.5104787945747375
love this app pretty accurate,positive,positive,0.8508697152137756
as much as <number> degrees off!,negative,neutral,0.5208977460861206
used to be good,negative,negative,0.7872014045715332
"this app helps me be productive, but since the update, i can't plant the trees i had previously bought.",positive,neutral,0.6114093065261841
dell streak:force close sometimes. blank pages sometimes. need bookmark feature and ability to continue from last read page.,neutral,neutral,0.7420646548271179
"if your in a hurry, i'd recomed calling, it takes a wile to fill out the information.",neutral,neutral,0.690936803817749
good but not good as web version,positive,neutral,0.8082412481307983
problems working over wi-fi,negative,neutral,0.5097090601921082
it's ads all the way,negative,negative,0.634858250617981
no password support <url>,negative,negative,0.6257408261299133
"good, but not perfect",neutral,neutral,0.8270273804664612
i wish it would work offline,positive,neutral,0.5689772367477417
cloud based apps do not work for me. with pathetic network services in our region it becomes frustrating to use. pity. will have to uninstall,negative,negative,0.9457491636276245
"so disappointed with this app! why would you delete an entire account without any warnings? see i'm not mad that you deleted my account because i had iran's ip address, i'm mad because you didn't even bothered to give me a chance to take back up of my files! do you understand how unprofessional this is? so disappointed!",negative,negative,0.9670168161392212
this app is good,positive,positive,0.657642126083374
"slow, laggy performance. thinkfree office opens my pdfs and allows smooth transitions and zooming.",negative,neutral,0.6808095574378967
since the update the radar doesn't work <url>,negative,negative,0.8357261419296265
"like the app, but could you please remove the external storage permission when i want to take a picture? i don't like granting apps dangerous permissions and i know you don't need it if you use the file provider api. <signature>",negative,neutral,0.6183171272277832
there is no print option i can find.,neutral,neutral,0.6374008059501648
<url> the picture size on bbm group is too small sometime not clear. also incoming bbm call is not detected or not showed in galaxy gear s <number>,positive,neutral,0.683713972568512
got stuck on trying to confirm my booking and i lost the accommodation. after that force crash. uninstall. htc desire,negative,negative,0.957513689994812
please fix the radar,negative,negative,0.5631647109985352
"good adjustment, bad storage",neutral,neutral,0.8475880026817322
coming from adobe this is absolute garbage. fails to open pdf files. it was only <number> kb. garbage.,negative,negative,0.9717431664466858
after i updated the new bbm version always getting <url> sometime the messages pending without ceklis my friend send in the morning but the messages coming after <number> or <number> hour <url> i saw on the messages the time when he send me a messages and this made my planning <url> should i didn't upgraded <url>,negative,neutral,0.6813353896141052
new update ruined the app,negative,negative,0.9626848697662354
a widget would be nice,positive,neutral,0.6320694088935852
there are ads now?,neutral,negative,0.5170583724975586
difficult when on vacation,positive,neutral,0.7972195744514465
notifications are bonkers. (will give <number> once fixed),negative,neutral,0.6083524823188782
can't add new locations,neutral,neutral,0.7856231927871704
nice tool for inter-team communication,positive,positive,0.937006950378418
it's download video very fast and all other thing,positive,positive,0.8758006691932678
"veru useful app only when used with its <number> rd-party integrations, yet flock is much better alternative for having more free features.",positive,neutral,0.6065837144851685
doesn't <url> i'll go on other apps and the tree still <url> little i inventive to actually stay off the phone,negative,negative,0.8159641623497009
"when ever i update app,it won't work and i lost my all data many times",negative,negative,0.9570074677467346
doesn't work much! where's the <number> version???,negative,negative,0.9235231280326843
nice app fast downloading,positive,positive,0.9170275926589966
"the app is great, it's fun and helpful, tho when you click the home button, it doesn't die. you could fix that",positive,positive,0.8484899997711182
"easy to use, always <url> when you book thrue them, they will charge you too much.",neutral,positive,0.9019196033477783
there is no jump to page option so you have to flip through every single page! its a big waste of time.,negative,negative,0.9604037404060364
great and easy to use,positive,positive,0.9239557385444641
"cloud subscription, no <signature>",negative,negative,0.9250322580337524
great app to focus!,positive,positive,0.9200217127799988
pay when you arrive. err no,neutral,negative,0.8361480832099915
great apps for great team,positive,positive,0.9127750396728516
i like the appl because it connect me to a lot of people in my office,positive,positive,0.9011929035186768
can't open my bbm after updated,negative,negative,0.9196107387542725
cannot use for flash <url>,neutral,negative,0.8760942816734314
won't work with my text messages and have to start a new conversation to use it in messenger,neutral,negative,0.9609121084213257
it crashes every time,positive,negative,0.8651742935180664
great app for group family communication across multiple types of devices and countries,positive,positive,0.9427773952484131
it was great radar sucks now,negative,negative,0.9506931304931641
missing a tablet version,neutral,neutral,0.6661268472671509
the browser is used very fast connecting browser,positive,positive,0.6800394654273987
i want a etc wallet that's all i want to invest <url>,negative,neutral,0.47555309534072876
not so much but good,positive,neutral,0.7937952876091003
well the app is kinda <url>,positive,neutral,0.6021402478218079
the program is very slow and can be unresponsive. there is no bookmake setting. pages take a very long time to load even when zooming in and out.,negative,neutral,0.7275726199150085
totally invasive and inappropriate for development. it kept people talking for every detail for hours. kill innovation and efficiency. cannot replace skype so another chat cheater. a waist of time in communication. one good point if you can make your competitors to use it. they will collapse.,negative,negative,0.9645815491676331
i love it. but i think it would be better to add angle correction as well is needed sometimes and i don't like having to use other apps to do this.,neutral,positive,0.8453467488288879
the emoticon not <url> :'(,neutral,neutral,0.6325767636299133
good app. had full version but they took it away. would like it back. radar not working. layers are not working. must be a weather bug.,neutral,negative,0.6233381628990173
can't import my booking? what's the point of getting this app? anyone?,negative,negative,0.9070907831192017
"the app sometimes gets stuck on a certain temperature and you have to actually click on the app to get the correct temperature to pop up, but at least with this app i can actually get the <number> -day and hourly forecast pages to load which is something i can't get with accuweather. so i guess what i'm saying is it's probably the <signature>",positive,positive,0.5353740453720093
"great, but occasionally crashes",positive,positive,0.6921558976173401
"crap, takes ages to loads and lags on all docs, standard pdf viewer much better",negative,negative,0.9366653561592102
it stops working frequently,neutral,neutral,0.4827011823654175
like it more than most weather apps i've tried. would recommend!,positive,positive,0.9100701212882996
stupid trees. too much green. too cute. memory hog. deleted it.,negative,negative,0.9645342230796814
plz add readout loud feature in application,positive,neutral,0.5487731099128723
"give error, stuck onopening",negative,negative,0.9128569960594177
the radar map only shows past not current,neutral,negative,0.5519974827766418
"the worst, the most bugged app that i've ever seen in my life! always crashing for no reason!",negative,negative,0.9668551087379456
this does not work with my phone i exited the app for ages and my tree still grew.,negative,negative,0.9571654796600342
the application is too slow. sometimes it just wont select the options.,neutral,neutral,0.8424004912376404
useless doesn't open email attachments on lg optimus,negative,negative,0.9633886218070984
its a very good app,positive,positive,0.8637473583221436
good up to date service,neutral,positive,0.5921074748039246
luv it but u should allow us <number> make more than one character then i'll give u <number>  's,neutral,neutral,0.7095596790313721
"app does what it has to do, but would it be possible to implement a harder way to cancel the growth of your tree? now it takes about <number> seconds. you could make another cancel button which you have to press for <number> minute without releasing it to unlock your phone. gives you time to think if you really need to unlock it. <signature>",neutral,neutral,0.6194363832473755
need full raw hdr for lg v <number> !!!,neutral,neutral,0.7531216740608215
it wont even let me log in!!!,negative,negative,0.9679247736930847
wouldn't search any locations.,negative,negative,0.936519980430603
new version is not intuitive.,negative,neutral,0.5546727776527405
image previews don't work,positive,negative,0.6083713173866272
"its great, just too many ads",positive,positive,0.6212368607521057
radar has stopped working,negative,negative,0.9065245985984802
has been treating me well for years,positive,positive,0.741478681564331
animated radar not working,negative,negative,0.9354081153869629
problems with internet connection s <number> edge,neutral,neutral,0.5888094305992126
"another login and account needed, mediocre editing",negative,negative,0.7243893146514893
i need a tab for news language i don't want it to be default for the place i live in my native language may be different. please look into it,positive,neutral,0.6545925736427307
"idea is nice, <url>",neutral,neutral,0.6395893096923828
useless and hang in itself,negative,negative,0.9648968577384949
lagging on nvidia shield tablet,neutral,neutral,0.6330277919769287
less taps &gt; more taps is not always true! this update clutters up the mobile app and looks horrible! bring back the drop down menu.,positive,negative,0.9002853035926819
great mobile app for a great platform,positive,positive,0.9186647534370422
easiest way to keep all my accommodation details with me when i travel.,positive,positive,0.8733373880386353
"there is no way to search or jump to the pages i want. so, in a <number> page document, i have to page down until i get to where i want. very poor!",neutral,negative,0.9657983779907227
crashes on z <number> compact,neutral,negative,0.5652059316635132
"can't delete any of the pdf files! someone ,help mytouch <number> g",neutral,neutral,0.535701334476471
somethings wrong with this app,positive,negative,0.9102059006690979
well organized app. offers better deals than the hotel itself.,positive,positive,0.9049441814422607
faster than other app,positive,positive,0.6689565777778625
"decent, but needs ability to define custom notification sound. the built-in ones are too quiet and the 'device default' is too general.",positive,neutral,0.7636824250221252
"if you have difficulties staying focussed, then this is definitely the app for you. as trivial as it sounds, there's a real sense of satisfaction in seeing your forest grow the more time you log. the only thing i would say which could be added is social email support or facebook integration, which i believe is already a feature on the ios version. some of my friends are using it too, and seeing their forests grow (perhaps even on some kind of map next to mine?) would add an element of healthy competition!",positive,neutral,0.591610848903656
would be better with out ads,positive,neutral,0.6670997142791748
<number> star 'coz why we have to request hd quality picture first? oh <url> nobody need bad quality picture. washing <url> another chat app more better !!,neutral,neutral,0.5455605387687683
"my screen goes off, but when i unlock my phone, my tree dies. makes the app pointless as it forces me to keep the screen on which is distracting. great concept though.",neutral,neutral,0.7231763005256653
it will be better if the apps allow users to listen music while studying or doing their things,positive,neutral,0.49350541830062866
the app is free on android but why can't i use my new unlocked tree?!,negative,neutral,0.499697208404541
"not ideal, but better than a few other ""freeware"" options there with lots of adds or crappy ui.",positive,neutral,0.8150849342346191
add break or pause option plz,positive,neutral,0.5906744003295898
good effort <url> try to send correct notification of the news or story.,positive,positive,0.6173797845840454
doesn't work keeps saying bad internet connection but all other apps work.,negative,negative,0.8530225157737732
did not install this app. all i did was update my phone and it was there and i can delete it! very annoying!!!,negative,negative,0.9414827823638916
last updates causing problems.,neutral,negative,0.4944533705711365
"stupid app many many ads ,don't download this app",negative,negative,0.967091977596283
too much buz for nothing so special.,negative,neutral,0.6639046669006348
simple but effective app to end smartphone addiction,positive,positive,0.5807913541793823
technology at its <signature>,positive,positive,0.7905423045158386
"editing is all about precision, of which this isn't good at. trying to crop is like throwing stones at a picture frame on a wall and hoping it sticks. when you get it you accidently press another button and all the work is <url> still needs some refining",neutral,neutral,0.7753340601921082
used to love <url>,neutral,negative,0.7914899587631226
bbm is really gud,positive,neutral,0.5055821537971497
still a good app,neutral,positive,0.5334015488624573
"looks nice but the live radar always zooms in to close, i like to see the entire area around my location.",positive,positive,0.8432914614677429
creeping permissions. no <signature>,negative,negative,0.9433468580245972
don't expect to be productive on the tube,negative,neutral,0.5253523588180542
huge apo. does not have move to sd card. standard reader v. good. uninstalling.,negative,negative,0.9606759548187256
too many push and price not clear,neutral,negative,0.6853876113891602
great app but updated the app but the bug is still there where the animation plays without accessing the app so you have to tap screen to gain access to home screen. that bug has been there forever please fix!,neutral,neutral,0.5880585312843323
like it but need better notification settings,positive,positive,0.6517138481140137
being a motorcycling enthusiast i like to know where the rain is and what direction it's heading.,positive,positive,0.8835970759391785
radar no longer works,negative,negative,0.9653681516647339
why i cannot play my download video?,neutral,neutral,0.4872783124446869
as an alternative in contacting people,positive,positive,0.6868018507957458
crashes all the time tells you there is no memory even on sd card. won't let you use if you decline push notifications,negative,negative,0.8816127777099609
what's the point?,negative,negative,0.8627802729606628
"i used to really love this browser but now it's just annoying .when i download files sometimes it tells me ""file doesn't exist"" and i have to redownload ,plus it lags .",negative,neutral,0.6645868420600891
its good but i think it should add like fortnite emojis or other characters,positive,positive,0.5851584672927856
its good but now a days it slow,neutral,neutral,0.6622635722160339
"the emojis you can make out of it are great! however, it would be nice to implement the character doing different kinds of sports. also the app didn't have my face shape, hairstyle, and the mouth was too big for me. basically i had to go with what i could find that looked the most like me, and a bunch of people still thought that the bitmoji looked nothing like me. something else i'd like to add is that maybe for the female character, put some outfits that are t-shirts and moderate shorts, not just short shorts. i couldn't find my usual attire because of that. overall, my bitmoji only looks a bit like me so if you guys can change the face, costumes, and facial features to let more people have an accurate character, it'd be great. <signature>",positive,positive,0.6407676339149475
throw this app to garbage,negative,negative,0.9615570306777954
very nice and helpful <url> luving <url>,positive,positive,0.9046293497085571
it will be better if there will be option to archive a chat,positive,neutral,0.6124605536460876
requesting to build a bigger forest!,positive,negative,0.782491147518158
stop the stupid ads,negative,negative,0.9113101363182068
spark lightening no longer working,neutral,negative,0.878007173538208
"slowly slowly you are making it worst app but it's your app you can do anything after all you are communist. see i don't like your inbuilt pdf viewer,video viewer app so allow user to use apps like adobe pdf reader and mx <url> and the new problem is the facebook video is not working <url> earlier i have given <number> star rating but now you are decreasing quality <url>",negative,negative,0.6701387166976929
doesn't export my photos most of the time,neutral,negative,0.5817578434944153
still need to improve,positive,neutral,0.5831249952316284
no philippine peso currency?,neutral,negative,0.7157638072967529
"i downloaded this app specifically to merge photos together on my backpacking adventures whilst eliminating the need for a laptop. sadly, it does not have the function to merge photos for panoramic or hdr.",neutral,neutral,0.6589829921722412
"pretty effective but i just noticed it doesn't pick up the usage of one of my most distracting apps (bacon reader for reddit). i was on it and thought oh no my tree! opened up to find it wasn't triggered. double checked my white list etc, everything was proper. if it doesn't block that it becomes pretty useless in my eyes",positive,neutral,0.5951340794563293
"awesome app. it would be sooo useful to have one button access to the lastest posts accross all channels and all workgroups, i find im spending much time digging around for the latest posts.",positive,positive,0.8989717960357666
its good and so easy to use,positive,positive,0.768747091293335
this isn't as good as it's siblings,negative,neutral,0.7128212451934814
app is good service,neutral,neutral,0.5095515251159668
app thinks i am a man :'),negative,neutral,0.5218514204025269
will not work correctly. i tryed to set the map in motion and it will not move!,negative,negative,0.9571707248687744
super cute but kind of difficult to use on the spot.,positive,neutral,0.5531902313232422
"nice, but couldn't find night mode.",positive,neutral,0.7747102379798889
"insanely unreliable - wont let me accept invites to other workspaces nor will this application even show me the invite - login inconsistency, i can auto-login with the app but when i type my password in non-app login screens it wont work. its the same password i use for other applications and i successfully login each time.",negative,negative,0.9296721816062927
cant search without creating an account! they need your email so the can sell it to spammers! unistall!,negative,negative,0.9663825035095215
only good not <signature>,neutral,neutral,0.746667206287384
it is a waste app and waste of time. it is only useful for downloading the movies,positive,negative,0.9641161561012268
it's fast and i can always use it to download,positive,positive,0.9018124341964722
have to use and see,neutral,negative,0.67794269323349
good but some issues,positive,neutral,0.6340259313583374
plz see sex movies it's nice in this,neutral,positive,0.5285800695419312
wont open. it always crashes and my phone reports it having multiple errors in <number> week,negative,negative,0.9465048313140869
fcs on a <number> page pdf. really?! even on my stock evo that's awesome? this reminds me of flash player on my laptop- always causing problems. adobe = crap,negative,negative,0.868548572063446
"the worst app ever can't download a single <url> my downloads have been ""unsuccessful""",negative,negative,0.969525158405304
needs text search and in-document link support.,neutral,neutral,0.8279693722724915
it's a great app. love it and good job,neutral,positive,0.8928353786468506
"sometimes wonky when on wifi, but that could be internet connection issue. also wants to have high accuracy location on which will drain your phone quickly.",neutral,neutral,0.8207680583000183
why am i now seeing ads? lame!,negative,negative,0.945206880569458
you had one job,positive,negative,0.7934213876724243
"it would be nice if there was an option to record voice messages.    nuisance: when i press 'backwards' in my android, i am thrown out of the app, instead of going backwards to the messages list.    nuisance: i don't see a list of last messaged people in chronological order but randomly. this drives me <url>",neutral,neutral,0.7850203514099121
not replacement for the desktop app,neutral,neutral,0.6833110451698303
great app to communicate with family and friends.,positive,positive,0.9335927367210388
best chat application ever,neutral,positive,0.905549943447113
good app bt needs new features,neutral,neutral,0.5043998956680298
it requires access permission n i dont know from where to turn on so can u plz tell m!!,neutral,negative,0.928852915763855
uffff!!!! plzz don't downloaded this,negative,negative,0.9132470488548279
good <url> lacks some essential features,positive,neutral,0.7577395439147949
"the app is ok but the camera should no have any sound when you take photos, that problem is quite annoying",neutral,neutral,0.8243170976638794
installation corrupts gmail db on n <number> android <number> . <number>,negative,negative,0.9324249625205994
i think it's a great start app!,positive,positive,0.8216003775596619
radar has been freezing and not moving for last month. deleted it after all this time. pos!!!,negative,negative,0.9608827233314514
ok till it goes wrong,neutral,neutral,0.7662826180458069
i rely on weatherbug every day.,positive,positive,0.8744218945503235
"love this app, especially the lightening strike tracker.",positive,positive,0.901915431022644
there's still more to it.,positive,positive,0.478031724691391
very basic and subscription based,negative,positive,0.5838080048561096
no words great app,positive,negative,0.8140246868133545
"im not use as well, i think it is bad application, i dont like.",negative,negative,0.804943323135376
keeps saying photos not found whwn trying to send/ attach to people. using a note <number> <url> its not <url> it <url> pwrfect for what application i needed it for. will try again when i get new phone in a couple weeks.,negative,negative,0.9017218947410583
helpful for book reading,positive,positive,0.9101126790046692
sometimes slow but yet efficient.,positive,positive,0.5220973491668701
for some reason the keyboard doesn't work on my phone. and i can't do couple's bitmojis with my wife. but it's fun to use with her anyhow,positive,positive,0.6307485103607178
make anoying bc different ring with chat ring,neutral,positive,0.6113802194595337
"please make the browser application sync-able with android phones. i was able to sync a few days ago, but now it only syncs with an ios account.",positive,neutral,0.7052633762359619
great app. would have been a <number> if avatar could be edited,neutral,positive,0.8667759895324707
poor cousin to the desktop app,neutral,negative,0.8730221390724182
i get notification for update but i can't update my bbm. please fix it.,neutral,neutral,0.6825190782546997
it wont let me download its saying it is but not getting it,negative,negative,0.9338396787643433
force closed zenfone <number>,negative,negative,0.8640637397766113
cloud service only idea bites,negative,neutral,0.6202221512794495
i can't sign <url> :'(,neutral,negative,0.7982451319694519
horrible for one reason,negative,negative,0.939681351184845
<salutation> opening unwanted liks,negative,negative,0.6432101130485535
won't let me end chat,negative,negative,0.7341994047164917
"nice, but flow could be better.",positive,neutral,0.4996003210544586
it just froze up a few days <url> doesn't work at all when i click on it,negative,negative,0.9261690974235535
the news which displays on the welcome page is very annoying and vulgar have to be very careful when giving it to the children's at home to surf the internet and we had to use other browser in front of others as your front page containt all the vulgarity in news most of the people don't know how to disable news. the option should be visible on the front screen itself,negative,negative,0.7278885841369629
seems impossible to make a review,neutral,neutral,0.7807456851005554
reflow doesn't let you move from what's on the screen. no option to go to specific pages directly (really? scroll through a <number> + page book everytime?),neutral,neutral,0.5288941860198975
low score due to the lack of a dark theme/night mode in <number> !,neutral,negative,0.6215498447418213
"no floating head, why",negative,neutral,0.5164805054664612
bad on sms blocking,neutral,negative,0.9202162027359009
hated the new update,negative,negative,0.9550819396972656
i find it a bit odd that the app doesn't automatically open a file. i have to go to the app and open the file from there.,positive,neutral,0.614316999912262
the weather people are always wrong they suck,negative,negative,0.6029583215713501
"no ""go to page"" feature? really?",neutral,negative,0.7264403700828552
caused ipad safari to stop working,negative,negative,0.9290017485618591
it's a good app to communicate with team instantly,positive,positive,0.8669998049736023
garbage. worthless app. i hope someone comes up with one better and more organized for people use. makes no sense. cant navigate. not worth the headache.,negative,negative,0.9693219065666199
good but seems to be a battery drainer on lollipop,neutral,neutral,0.6980184316635132
like the funny <url>,positive,positive,0.49894067645072937
"useless app, doesn't work as described",negative,negative,0.9683360457420349
pdf viewer works much smoother and loads faster,negative,neutral,0.5412954688072205
awesome app with awful ux,neutral,negative,0.5475555658340454
<salutation> why most of the time. when i finish downloading video and going to play it. it says failed to open its not like this before using old version.,negative,neutral,0.5990346074104309
couldn't get edited photos out of lightroom!,negative,negative,0.9140517711639404
the update sucks!!! i lost all the trees i previously unlocked.,negative,negative,0.9635222554206848
the cancellations are confusing and the will double charge,neutral,neutral,0.7088789343833923
"great, but eset is going off",positive,positive,0.5339717864990234
it is too slow app.,negative,neutral,0.615410566329956
good & need more development options,neutral,positive,0.5899806022644043
browsing fast but before download its doing re direct and suggest an other app.,positive,neutral,0.7842080593109131
please fix as soon as <url> cannot send message n dont have received feeds,negative,neutral,0.6338682770729065
too many ads dude,negative,negative,0.6682746410369873
through this app i get amazing deals,positive,positive,0.9015207290649414
very helpful & useful for media <url>,positive,positive,0.9130256772041321
very helpful the apps,positive,positive,0.9236907958984375
update screwed the app over,negative,negative,0.9408665299415588
i love the variety of fashion styles this app offers. really digging on the poses & emotion statements. emoji id me. a ok,positive,positive,0.9338119029998779
except advertising everything is fine,positive,neutral,0.633628785610199
does what it's meant to do,positive,neutral,0.6736912727355957
it's bad browsing with opera,positive,neutral,0.48907577991485596
storm warnings are behind. weather warnings just seams to be behind,neutral,neutral,0.6952469348907471
not really but they had an annoying notification getting me to rate the app so,negative,neutral,0.7460262179374695
was better before they started messing with it. but still a bit of silly fun,neutral,neutral,0.6865938305854797
can no longer save locations.,neutral,negative,0.8853160738945007
"i use to like this app. but now the radar animation don't work,and i use to like that. i see it doesn't work for other people either sence the upgrade.",negative,negative,0.6299129128456116
it works but thats it,neutral,neutral,0.7167750597000122
"next update have any problems after i'm updates its say bbm not responding, and refresh page is take a long time, maybe <number> minutes, why the hell??",neutral,neutral,0.6007657647132874
"just downloaded it, and haven't had the chance to use it much.",positive,negative,0.8465214967727661
inferior to the ios version.,neutral,negative,0.5519803166389465
"this app just simply doesnt care if i have allowed the data access or not. despite completely stopping the access to mobile data and wifi, it still runs in the background, connects with the internet and receives the texts. extremely intrusive and not something to have installed on your phone. if this is how it behaves, then it can't be trusted. uninstalled.",negative,negative,0.9636019468307495
quick booking. many options.,positive,positive,0.8588329553604126
can't jump to pages. up arrow disappears. at least make it optional for up arrow to stay visible all the time. just plain out aggregating to use.,negative,negative,0.5689769387245178
very lag and make my phone so slow,negative,neutral,0.6946826577186584
useful and stable application <signature>,positive,positive,0.9100530743598938
overall a good app fast downloading and <signature>,positive,positive,0.9171901941299438
good place to work in groups,positive,positive,0.6256757974624634
good application. but needs some improvement,positive,positive,0.6034382581710815
good app but to much fake news and add,negative,positive,0.5195739269256592
cool idea with severe (ironic) bug,positive,neutral,0.7616810202598572
this app are clearing all data,neutral,negative,0.9563426971435547
good for a waytomake moneyon the side,neutral,neutral,0.652916669845581
it is very nice app,neutral,positive,0.8460577726364136
"best editing software. ui is easy , but please remove the trial",positive,positive,0.496346652507782
not visible in app tray!,positive,negative,0.5953918099403381
the only thing i would do different is make this available on facebook i can't access it for my posts. had to uninstall and reinstall as it stopped working.,neutral,negative,0.8350740075111389
"would have been a perfect app excet for the fact that you cant insert the icon into your current text, but have to start a new one(text) <url> , and with every icon!",neutral,positive,0.5696098804473877
some issues in confirming the booking.,neutral,neutral,0.6915441751480103
pls also cover news of intl. importance,neutral,positive,0.5848726034164429
very easy to navigate,positive,positive,0.923640787601471
won't stop shutting down. reported several times,negative,negative,0.8987265229225159
easy and very helpful,positive,positive,0.9215407967567444
"there is a problem, at least in this version, each time i try to view an already downloaded city guide while i'm online, always displays the search page for hotels <url>",neutral,neutral,0.7762961983680725
i am just downloading the app after completion i'll increase or decrease the rating based on the app performance,neutral,negative,0.6971896290779114
"notif now okay, ads still not ok",positive,negative,0.6116577982902527
"great app, too bad i'm on android.",positive,positive,0.6730958223342896
"it's is very effective app , but it takes too much time in opening",neutral,neutral,0.6942458748817444
same bad it is good for search and for download but it is no to much good when i open uc browser on it home sreen or default and not save language option for my side not good,neutral,neutral,0.50865638256073
not good for me,negative,negative,0.5644961595535278
it's good for few days later it is not working well,neutral,neutral,0.772707462310791
"keeps crashing. really looked fwd to checking it out, but crashes all the time. the few times it worked the timer got messed <url> work it out!",neutral,negative,0.8053834438323975
the worst - yet the only <url> ckck,negative,negative,0.9293097853660583
i love this app!it really helped me! devs keep on fixing and constantly improving on the app. worth any all in app purchases (which are very cheap btw). just missing a widget! &lt;/ <number>,negative,positive,0.8664931654930115
my bbm very slow .. what happen ??,negative,negative,0.6367578506469727
i like booking in my computer,neutral,positive,0.684126079082489
i like this app,positive,positive,0.6038511395454407
can't do or find anything on the app,negative,negative,0.8681984543800354
why open raw files ?,positive,neutral,0.5787420868873596
"all but useless in europe. slow to update and most features just don't work here at all. added a daily weather report, great! oh wait, it describes only one <url>",negative,negative,0.8836368918418884
something very wrong with the app,negative,negative,0.9518110752105713
iterate this app more then ads,negative,negative,0.5851292014122009
old seen should not repeat please,neutral,negative,0.6291237473487854
great app for traveling,positive,positive,0.8939434289932251
was so great <url> but <url>,negative,neutral,0.6181765198707581
it's a nice app,positive,positive,0.7483645081520081
i love this service,positive,positive,0.5836024284362793
larry delaney like it,neutral,positive,0.6035009622573853
not working with google messenger,neutral,negative,0.9297340512275696
"i am enjoying the app very much, it was recommended by my nephew and it is everything that he said it would be!!",positive,positive,0.9074769616127014
really only works with small documents and even then runs into freezes on motorola droid. no page jump which for books is necessary,negative,neutral,0.5517755150794983
"i used to really love this app until it started killing my trees just for receiving a notification that i hadn't opened yet. advanced detection is not on. may as well turn the phone off, but i use it for music.",negative,negative,0.6201727390289307
crashes immediately after startup - can't use it!,negative,negative,0.9489326477050781
can't login to bbm,negative,negative,0.9057272672653198
an very much useful application,positive,positive,0.9139280915260315
works great except a few things,positive,positive,0.7252796292304993
"<salutation> awful interface lacking any true customisation, yet another chat app that brings nothing new to the table and steals ideas from discord, an exercise in reinventing the wheel which hasn't been updated in years and crashes all the time. also i wouldn't trust this app if you value your privacy. avoid like the plague.",negative,negative,0.9607633948326111
good for editing bad for storage,neutral,neutral,0.7662868499755859
"it's <url> only downside is can't make just any emotion, but overall great",positive,positive,0.9095326662063599
used to work . please fix,negative,negative,0.8322603106498718
it would be great if there's a feature where i can sort my files in folders because it is irritating to find a certain file in my sea of different subjects.,positive,neutral,0.5332310795783997
one thing that uc devs definitely do is to remove ads and news <url> page is annoying if we want to read then will go in news site,negative,neutral,0.5829565525054932
nice to be back,positive,positive,0.5395013689994812
"in all, we have to check this.",neutral,positive,0.4931151568889618
freezes on some files,neutral,neutral,0.5002785921096802
cannot save progress without spending money.,negative,negative,0.8944756984710693
greatly helpful. i like it,positive,positive,0.922677755355835
can't even spell sydney right,negative,negative,0.9389299750328064
can't even create an account,negative,negative,0.9639716744422913
nice app but you put extra features in this app but app is good,neutral,positive,0.6163181662559509
"good, but better without all those ads like other free messengers such as whatsapp, telegram, etc",neutral,neutral,0.6306354403495789
wow. useless. hated it. <number> stars. (if i <url> ),negative,negative,0.9649348258972168
"bloated, glorified chat. i use it because my company obliges me to do so.",negative,negative,0.730108380317688
it dors ansolutely nothing. wastef my time!,negative,negative,0.9575102925300598
superb editing in this,neutral,positive,0.9216907620429993
"generally very good & helpful, with some good prices. free cancellation option is extremely useful.",positive,positive,0.9291884303092957
"the ""i'm listening to"" <url>",positive,neutral,0.4563404619693756
"solid app, but lacking in the tablet ux area",positive,neutral,0.8384716510772705
let people to create more characters,neutral,positive,0.5492386221885681
app is good brower is so fast but news section in uc brower is the worst thing in the world,neutral,negative,0.46700167655944824
"it is good easy to use , but why i have to download opera browser to download any videos from uc browser please fix this problem .",neutral,neutral,0.6473289728164673
it worked better before the <url> anything posted is hard to see and get to.,neutral,neutral,0.5934324264526367
can't apply for instagram. please updated,neutral,negative,0.8939756751060486
image size goes from <number> mb to <number> kb else fine.,neutral,neutral,0.7429407835006714
please enable apps <number> sd immediately. <signature>,negative,neutral,0.6042512655258179
like the app but the don't update rainfall very often.,positive,neutral,0.6866610050201416
i liked <url> the size of this app is <url> is better,positive,neutral,0.5293336510658264
this app is extremely bloated. for the functionality provided it should fit within <number> mb without issues.,negative,negative,0.47103258967399597
half assed. uninstall! droid ally,negative,negative,0.9656510949134827
quite nice - would be useful to edit posts from mobile,positive,positive,0.7969325184822083
app <number> f. temp <number> f,negative,neutral,0.6037755608558655
too many update it's annoying,neutral,neutral,0.6107848882675171
not responding to phone calls or emails. no customer service at all.,negative,negative,0.9254489541053772
thanks for fixing the problem,negative,positive,0.7337357997894287
room rate at times is misleading subject to additional charges,neutral,neutral,0.5793410539627075
access to files/photos/media,negative,neutral,0.5682227611541748
"best messaging app, not so great for file sharing though",positive,positive,0.897212564945221
they want to much access,neutral,negative,0.7856683731079102
"would love more clothing choices, glasses and skin tones.",neutral,positive,0.9191871881484985
line freecall is better than bbm freecall,neutral,neutral,0.6800938248634338
this app very nice & use very easy,neutral,positive,0.9298204779624939
make the dp full hd,neutral,neutral,0.5864461660385132
good if it doesn't has annoying news banners,positive,neutral,0.7421677708625793
please make the lite variant of this app for smartphones with less storage.,negative,neutral,0.6172127723693848
age group <number> to <number> years old,negative,neutral,0.5432665944099426
takes a lot of space,negative,neutral,0.6624732613563538
trible app. ui is horrible.,negative,negative,0.9093606472015381
loved the app very much,positive,neutral,0.38955071568489075
this bbm is not working on my galaxy s <number> edge why,neutral,negative,0.8450925350189209
it's great <url>,neutral,positive,0.7605417370796204
where is option for timer,negative,neutral,0.7402544021606445
well not. so good work but. some what.,neutral,neutral,0.8176555037498474
this could be great <url>,neutral,neutral,0.6212092041969299
take too much space or ram to run,neutral,neutral,0.6664541959762573
very useful. ive used the app many times in the last few years. hv even referred others by telling them directly. wish full address address of property could be included even before booking. thats my only complaint.,positive,positive,0.819700300693512
i love it but she doesn't look like me after making so many changes!!,positive,positive,0.810303270816803
"it's ok, but since it appears to have basic reflow why can't we have white text on black background to save battery?",neutral,neutral,0.8019191026687622
great!!! amazing tool for textbooks in pdf <url> i use it on my lenovo tab <number> <number> plus and it works awesome. most of my medical textbooks converted in pdf run absolutely fine with this app.,positive,positive,0.9273870587348938
bothering me for a rating,neutral,neutral,0.6328920125961304
it works great until you need to use another app. even when i whitelist apps my tree still withers,neutral,positive,0.5809655785560608
good weather overview. occasionally buggy (no pun intended).,positive,positive,0.7354550957679749
when it works is great,neutral,neutral,0.5132132768630981
radar map doesnt work at all since last update. please fix and get <number> stars,negative,negative,0.9081032872200012
"how do i use on facebook,?",negative,neutral,0.5451918244361877
used to be my favorite app,negative,negative,0.7983331084251404
its all good except for one thing.,neutral,neutral,0.6864219307899475
to good to be true,positive,neutral,0.625988245010376
this app is useful for me,positive,positive,0.8083555102348328
"only worked for a day, then the app would never open and kept saying there was a error. uninstalled the re-installed <number> times never worked again",negative,negative,0.9516838788986206
not able to open pdf's downloaded to sd <url>,negative,negative,0.7606363296508789
slow and crashes dinc v <number> . <number>,negative,negative,0.6852092146873474
"easy to use, fairly accurate!",positive,positive,0.9318538308143616
its a usefull app for informal office communication.,positive,positive,0.9284133315086365
"facebook face detection doesn't work, so you have to start from scratch. also not enough selection to choose from.",neutral,negative,0.5526121854782104
more than one and add more stuff. (stuff to make the avatar),neutral,positive,0.8950668573379517
i can't play it that sucks,negative,negative,0.9268749952316284
crashes during import htc one m <number>,negative,negative,0.8866252303123474
does exactly what it says. i like it.,positive,positive,0.882983386516571
i think this app is good,positive,positive,0.49409088492393494
great app. free cancellation should be indicated per hotel before booking.,positive,positive,0.8784251809120178
"it's great for pdf, i only wish it supported other book formats like epub or mobi",positive,positive,0.808961033821106
"stopped working and deleted everything after a week, pretty poor i'd say",negative,negative,0.9352697134017944
"a couple days ago, started telling me it can't attatch the emoji to my texts, that just stinks! i have a galaxys <number>",negative,negative,0.8842011094093323
overall very useful app. i only don't like the fact that also sold-out hotels are shown. can be quite frustrating.,positive,positive,0.8154628276824951
works well. it could have been better if approximate dates were allowed in search form.,positive,positive,0.5920449495315552
still not as good as it could be!,neutral,neutral,0.7395183444023132
for more information about this review go to <url>,negative,neutral,0.5092188715934753
its been <number> years im using uc browser i gave a feedback that in uc browser we can't download videos directly to sd <url> have given a feedback about this past <number> years back but still uc team have not sloved my <url> service i request google team to please remove this uc browser from google <url> dnt need this kind of careless team ..,negative,negative,0.9588484168052673
awesome app to find any <url> it,positive,positive,0.8369317650794983
ok permissions fix. i've updated and given back two of the four stars i'd dropped.,neutral,neutral,0.7681516408920288
i love the idea but can we get a weekly forest too?? that would be quite motivating!,neutral,positive,0.8560507893562317
it's very good for edit photos and make photos and make a design of any things,positive,positive,0.9240525364875793
"i really love the lightroom software for laptops and other devices, but i don't find the app really convincing when compared to the software as you just miss so many options in the app",neutral,neutral,0.5178755521774292
"latest version is <number> . <number> . <number> , last updated on <number> th september <number> . uninstalled as abandoned. desktop is already at <number> . <number> .",negative,negative,0.9421941637992859
just click the back button and my tree will still <url> and i don't think i have the whitelist edit- i think your tree only dies when you open another app that isn't on your whitelist or else the list is <url> am i wrong?,positive,negative,0.5211608409881592
adobe products are awsome,positive,neutral,0.6082226634025574
latest update fails to install with 'unknown reason - <number> ',neutral,negative,0.8778303861618042
"the app syncs messages too slowly and marking messages as ""read"" is buggy.",neutral,neutral,0.7718725204467773
"great service, terrible app. the app doesn't seem work with mobile internet which makes it mostly useless.",negative,negative,0.9672797918319702
now <number> % harder to use,negative,negative,0.8455120325088501
marginal but still better than others i have tried.,neutral,neutral,0.7115321755409241
the app doesn't provide multiple tabs at a time. it would be great if its possible.,positive,neutral,0.7054665088653564
good app and uesfull,negative,positive,0.800950825214386
only hate the <url>,positive,neutral,0.41145846247673035
"i was using it every day and i think it was brilliant, even upgraded to paid version but since last update i haven't been able to access it at all as it keeps crashing. please fix it.",neutral,negative,0.5068480968475342
wont work for saml integration,neutral,negative,0.9533339142799377
good but ads are annoying,neutral,neutral,0.7152565717697144
"app works fine, but it is very disappointing that there is no possibility to just use the map to find available accommodation. you always have to fill a place to search, but mostly i just want to browse and see what's available, regardless of the location.",neutral,neutral,0.7744899988174438
worst app and if it is install u r phone become a virus attack,negative,negative,0.9677631855010986
not what i'd expect from the creators,neutral,negative,0.6532048583030701
"won't leave my facebook, like a <url>",negative,negative,0.9481474757194519
ads is an inconvenient thing so far,positive,neutral,0.6091275811195374
"i like the interface , it's really good. for me, i feel it would be nice to have a look up option when we right-click on words . it's functionality is to link up words to our dictionary apps. <signature>",positive,positive,0.8717796206474304
good but many <url>,positive,neutral,0.6608431339263916
requires photos to be imported into lightroom. i know this has how the desktop version but wish the mobile version was faster and easier to use.,neutral,neutral,0.6689767241477966
miss tabs to move between open docs. otherwise is fab.,positive,neutral,0.727800726890564
"they stole from me i wanted a refund and because the manager of the hotel i chose treated me indifferently all because i wasn't <number> and so i emailed their "" <number> hour customer service"" and never got helped. lost $ <number> . don't use this app it is a trap.",negative,negative,0.9671638011932373
my ag fans love the photos i do,positive,positive,0.8897616863250732
this app would be perfectly awesome if it worked with the keyboard on my tablet so that i could use it in facebook when i <url> without white backgrounds,neutral,positive,0.5424243807792664
"why my friends can retract or delete their messages, while i can't? i don't know what bb phone or android they have.",neutral,neutral,0.6487590074539185
it sucks non free things to choose from,negative,negative,0.9511118531227112
this is very good app for downloading,positive,positive,0.8870259523391724
not accurate information all the time,neutral,neutral,0.7479826211929321
cannot show my reserved bookings,negative,neutral,0.682953417301178
i love this app,positive,positive,0.4403892755508423
my company forces me to use this app.,neutral,negative,0.9643032550811768
it's hard to cancel a booking when <url> to use,neutral,neutral,0.7366207838058472
won't open email attachments,negative,negative,0.9630275964736938
couldn't find a better suited search app. compliments to the team. trivago couldn't find these many options.,positive,negative,0.5261378884315491
"simple to use, don't seem to be able to see complete booking information",positive,neutral,0.7500360608100891
absolutely one of the <signature>,positive,positive,0.9298816323280334
i like the reading mode specially. but sometimes it crashes.,positive,positive,0.5082538723945618
sounds and digital mixer cansol,positive,positive,0.7654994130134583
"lacks a lot of basic features such as bookmarks and ""goto page"". thinkoffice does a better job.",negative,neutral,0.8167732954025269
much better than asana,positive,positive,0.6803814768791199
better on my windows phone,negative,neutral,0.47132477164268494
it's good but always show on screen when i switch on my home screen,neutral,positive,0.5888582468032837
this app is my go to when i need to know about the weather.,positive,positive,0.8608376383781433
"okay but not great, and not really improving",neutral,neutral,0.845647394657135
it should have pause option,neutral,neutral,0.7453647255897522
"all is good in this app except i couldn't see any hdr option while clicking photos, may be since i use oneplus one, which also has high processing power and advanced chipset enough to support this app. so they should support many more devices like this! hope the support arrives in next update itself.",neutral,neutral,0.6073455810546875
"professional app , useful for office purpose , easily connect to office by mobile but too much heavy unable to send messages on slow network.",positive,positive,0.8714749813079834
update is not starting after clicking on update button,negative,negative,0.47653138637542725
hate it since the update,negative,negative,0.9382047653198242
tired of getting ripped off.,negative,negative,0.8063240647315979
had to sleep in the truck!,negative,negative,0.9010207653045654
radar stopped working. i would've given <number> star rating if it worked.,negative,negative,0.8514314889907837
worst experience in goa,negative,negative,0.9672414064407349
like it because it syncs better,positive,positive,0.8614047765731812
i can connect to my friends.,positive,positive,0.9017304182052612
i love this app,negative,positive,0.4403892755508423
fantastic app for downloading and easy to use,positive,positive,0.9221287369728088
"unable to change alert sound. not in options. unable to enable alerts per channel, on all or keywords and direct. closer to a beta than an app.",negative,negative,0.6278519034385681
so much fun! makes people laugh.,positive,positive,0.8096367120742798
similar to all other photo editing apps. doesn't stand out from ythe rest.,neutral,neutral,0.7635723948478699
the quality of display picture is so bad,neutral,negative,0.6315175294876099
this app is very fast,neutral,positive,0.8689931631088257
dear friends do not install this browser. this browser is pathrtic <url> will ads and ads on this .really annoying,negative,negative,0.9040818214416504
please fix so i can type!,negative,neutral,0.6494200825691223
able to provide sufficent info regarding hotel that want to be rent,positive,positive,0.5866269469261169
they make you pay to create an account!! this is outrageous.,negative,negative,0.9660078287124634
"it's a great concept for assosiating a reward to focus for those of us who struggle; however, my tree withers when someone phones me and i don't answer which is obviously a piss off.",positive,positive,0.5141028761863708
really a very good app,positive,positive,0.8940619826316833
awesome app! it will be better if you sync all your timers on your phones and chrome/mozilla extension. because i have to start to plant on my <number> phones and my browers when i'm working when you can do it just once and all your timers will start automatically. i hope you do it!,positive,positive,0.8900522589683533
this app is very nice,positive,positive,0.8382599353790283
"this app is super cute! my only complaint is that there is no piercing section! i have <number> piercings and would really like to at least have a nose ring! or maybe earrings? also think you should be able to customize outfits, like pick a shirt, bottoms, and shoes! instead of just the premade outfits.",positive,positive,0.9096070528030396
"app is okay but has superfluous things that i will never use. including every option is okay but the ideal app would allow for complete customization of components and page information that is pertinent to the user and where they are located. additionally, collecting metrics on what users actually use versus what is weak allows for improved development of the weaker app areas. that said, i have used this app for a long time with little cause for complaint.",neutral,positive,0.6402768492698669
could you please add an option for exporting photos using the png format? it would be very handy.,neutral,positive,0.7657762169837952
i like the reflow feature. but useless for me as i can't search nor skip to a specific page (have to scroll through entire books),negative,neutral,0.7926765084266663
"simple yet effective. would be great if the app had more customisation options like moving the plants around, changing the colour etc.",positive,positive,0.7528986930847168
uc brouser is <signature>,positive,positive,0.5124029517173767
not starting since last update. please see to it. i gave <number> star so you can quickly check my issue. my phone is note <number> neo n <number>,positive,neutral,0.5762115716934204
doesn't work properly on nova launcher,neutral,negative,0.9523169994354248
"useful, informative and helpful <signature>",positive,positive,0.921865701675415
still no floating head!! disappointed,negative,negative,0.7668336033821106
this app sucks now,negative,negative,0.9674063920974731
it can't find my photos,negative,negative,0.8160530924797058
what happened to my little shortcut!? or used to stay open in all my messaging <url> now it's gone!!,negative,negative,0.8489289879798889
stable and functional but not totally user friendly.,neutral,neutral,0.7844511866569519
this is good <url>  downloading movies but many. ads are come in between browsing,neutral,neutral,0.7665824294090271
i don't like the company not the app,negative,neutral,0.5301496386528015
"great app but would love to have better clothing styles. maybe peacoats, pencil skirts etc. <signature>",positive,positive,0.9098329544067383
radar map will not move. it hasn't been accurate either.,negative,negative,0.9258838891983032
"simplistic, designed to exceed expectations and overcome limitations.",positive,neutral,0.5353929996490479
<url> sometimes it's gone <url> hate slow,neutral,neutral,0.6152389049530029
"i would use it more but i dont like that it has to start a new message, would be better if it would just add to the convo on the screen",neutral,neutral,0.7457079887390137
very bad app. it is forcing to instal. i think it is a virus.,negative,negative,0.9697620868682861
better if no trial period and unlimited use for free,positive,neutral,0.6163840889930725
great but needs presets access,neutral,positive,0.7943797707557678
each time it simply keeps saying that my phone has <url> disgusting,negative,negative,0.79886794090271
keeps documents in line. i really like this application!,positive,positive,0.8706745505332947
anyone video download stop and very slow download,negative,negative,0.549461305141449
used to work but no longer does. writing this review while my is growing :/,neutral,negative,0.7175395488739014
limited options but fun,neutral,neutral,0.7417611479759216
would give better but have'nt used much yet,negative,neutral,0.631881833076477
"app ok, but temp doesn't update in notification bar",neutral,neutral,0.8329581022262573
no way to redeem tickets.,neutral,negative,0.9617667198181152
"silly app , it would let me open google while it will kill the plant if i open calculator or dictionary",negative,negative,0.9097825288772583
"wow, such a pos!",negative,positive,0.6519078016281128
is a great app but since the update a couple of days ago i can't get radar to work. tried uninstalling and reinstalling but doesn't work.,positive,neutral,0.7599482536315918
"i hate start up with system, i don't use it frequently",negative,negative,0.9143858551979065
push notifications not working,negative,negative,0.7998880743980408
good combination with acrobat reader. it's quite clear,positive,positive,0.910365641117096
nice. update it to be more digital. very clear,positive,positive,0.8828412294387817
nice but sometimes hanging,positive,positive,0.5890793800354004
still getting to know it,positive,neutral,0.507750391960144
i use it for reading articles and it's fine. would be useful to be able to open two articles at once for cross reference but otherwise happy with the app,positive,positive,0.8542400002479553
its better than others,neutral,positive,0.5315446257591248
does not work. in play store not listed as trial .come on adobe you stop down loads from your services now products do not work and listed as free we hen really a trial,negative,negative,0.9712514877319336
almost a good editor,positive,positive,0.7357072234153748
not able to download new <url>,neutral,negative,0.8592907190322876
"so i create a pdf using an adobe program, then send it to my phone to see what it looks like, but it won't open! pretty lame if you ask me.",negative,negative,0.6219897866249084
sometime can't change display picture at asus zenfone <number> . please fix,negative,neutral,0.7054014801979065
really nice concept but on android it just keeps hanging and eventually crashing.,negative,neutral,0.7813546061515808
doesn't work on my phone. always error,negative,negative,0.9587389230728149
slackbot opens every time i start to type a reply in the app. started happening with the last update (note <number> ). why can't we disable slackbot? <number> star until we get this ability.,negative,negative,0.6852880120277405
"complex app that covers all sorts of things related to travelling, maybe too many",positive,positive,0.9092937111854553
great and more awesome,positive,positive,0.8817439675331116
not what i asked for,negative,negative,0.9416161775588989
i wish you would show canadian maps,neutral,positive,0.5241346955299377
you don't allow to take in-app screenshots?,neutral,negative,0.6345465779304504
how about date birth,negative,neutral,0.6245635747909546
"works great, other then not being able to delete content directly from phone.",neutral,positive,0.6696544289588928
can't copy/paste or add keyboard to android,negative,neutral,0.7838988304138184
can't even create a account tried more than <number> times,negative,negative,0.966202974319458
fast and good but missing features.,neutral,positive,0.77173912525177
cannot get rid of floating head in my messages and it's driving me mad. i've had to uninstall the app to get rid of it &gt;:-/,negative,negative,0.9144760966300964
"love this app. i use it to study, but i answered a phone call and it wilted my tree. i can't really help when i receive phone calls. this one had to be answered and now i have to look at a wilted tree in my beautiful forest. i am upsetti spaghetti since i'm a perfectionist",positive,positive,0.78888338804245
this app is slowly work,neutral,neutral,0.5905038714408875
no instructions on how to delete files/pages viewed.,neutral,neutral,0.5433596968650818
it helps a lot.,positive,positive,0.8652699589729309
"need to improve performance, usablity, and <url>",neutral,neutral,0.5611664652824402
multiple image share option is missing,neutral,neutral,0.6530677676200867
"i like the functions, but",neutral,neutral,0.661526083946228
why don't you just block us all?! =d =d =d,negative,negative,0.9114055633544922
easy to find hotel,neutral,positive,0.8467909693717957
"if unexpected crashes negleted, it is so far the <signature>",positive,positive,0.5338661670684814
used to love it,negative,negative,0.7992037534713745
"i love this app but with the latest update it died when i used a white listed app, and when i checked my whitelist i couldn't scroll through or change anything which was weird. plz fix this and add more trees!",positive,positive,0.6430519819259644
very good mobile phone photo editor,positive,positive,0.917614221572876
keeps telling u to turn on the access then brings u to the settings page and even aft you check all the boxes doesnt take you back to the app. and continues to keep popping up disrupting phone usage. app doesnt work properly,negative,negative,0.9399346113204956
app is faster but stucks mobile pleas fix it up,positive,neutral,0.6289501786231995
"should have ""seen"" feature",neutral,neutral,0.7543236017227173
"can not zoom in or out, plis fix",neutral,neutral,0.5163812637329102
nice idea and interface but finding friends doesn't work on android,neutral,neutral,0.8188924193382263
white list is so frustrating!,negative,negative,0.5743557810783386
need <url> saving to gallery issue adding photo issue,neutral,neutral,0.7603853344917297
the live doppler doesn't work since i updated,negative,negative,0.7866179347038269
very ugly and difficult to use platform. i do not suggest it. very bad,negative,negative,0.9686093330383301
recent update be unstable and loading so late,neutral,neutral,0.5562759637832642
would give <number> stars if you blocked the facebook messenger bubble as well,positive,neutral,0.533488392829895
it's a good overall weather app. do miss the traffic cam.,positive,positive,0.851186990737915
really hard to navigate.,neutral,negative,0.9134871959686279
they don't refund difference if room is cheaper,negative,neutral,0.4785047173500061
"works most of the time. freezes sometimes while trying to open a document, but just restart the app and it's good to go.",positive,neutral,0.5981273651123047
my friend show me it on tumbler it's amazing <signature>,positive,positive,0.9086447954177856
would of gave it <number> stars if i could. i just figured out that this app was using <number> % of my battery life and i never even use the app. sucks really bad.,negative,negative,0.7867766618728638
"you ruined the icon, we said ok. now you are ruining the background color too. stop changing, no one was complaining!",neutral,negative,0.8863603472709656
should have been a <number> star but why's the android version lacking local adjustments that the ios version has. i can understand that there may be delays among platforms but it's already <number> months behind!,neutral,neutral,0.7864702939987183
nothing i want from this app,negative,negative,0.959241509437561
so great until today,negative,neutral,0.4644685685634613
it would be nice if it had it on like whatsapp for android but you have to download another app to access that <url> yeah but it's good,positive,neutral,0.6215159296989441
high quality images turns into low quality,neutral,neutral,0.7132708430290222
"it doesnt work, the screen flashes on and off and it wont open",negative,negative,0.9520707726478577
no retract in options,neutral,neutral,0.8195409178733826
last position read somewhat flawed,neutral,neutral,0.6268392205238342
get <number> days free trial. nice. to try it i need to be able to access photos that store to my sd card. i do that so i have room on my phones internal drive. waste of time,negative,negative,0.6683719158172607
does not support to open pwd protected document,neutral,negative,0.9005802869796753
got rid of the irc gateway. this was why we used slack. uninstalled.,negative,negative,0.9573542475700378
more theme and customization <url>,positive,positive,0.902809202671051
some items don't work!,neutral,neutral,0.6479717493057251
map animation still has bug.,negative,neutral,0.6223453283309937
"ignores some files, loads a few others",neutral,negative,0.8141815066337585
it's not as good as it used to be,neutral,negative,0.6327239274978638
"good, but needs things",positive,neutral,0.6388717293739319
not working properly on samsung galaxy a <number> .,negative,negative,0.9366652369499207
views pdfs better then stock app but it doesn't see pdf's on sd card,negative,neutral,0.8014408349990845
no way to get rid of ads on terrible screen layout.,negative,negative,0.9498758316040039
required an account. i want an app to edit pictures on my phone. the online storage and synchronization should be an optional feature; not a requirement.,negative,neutral,0.5204792022705078
ok with local weather love the thunder part of the app,positive,positive,0.623884379863739
trivago the tru app,neutral,neutral,0.4801013767719269
add a floating notification,positive,neutral,0.6352094411849976
why i can not share video on bbm group; too many update but no significant effect,negative,neutral,0.6959989666938782
limited options for search,negative,neutral,0.8378496766090393
good for messaging not for calls,neutral,neutral,0.7629035711288452
"it's available when i need it and it's more accurate than other weather apps i've tried. update(jan <number> ) <url> recent california winter has been crazy, and frankly this app has let me down with inaccurate forecasts for most of it. comparatively, the google now app is more accurate. maybe the sensors in my area are just bad. when it's fixed, i revisit my review.",neutral,neutral,0.6449952125549316
you could add a bit more features. birthmarks scars moles etc,positive,positive,0.697684645652771
i am using it before <number> years,positive,neutral,0.46334728598594666
like many sites if you visit a chosen hotel more than once or twice the price rises!,neutral,positive,0.8421602845191956
amazing experience so far with this. iam being familiar with it.,positive,positive,0.9176394939422607
doesn't save properly half the time and definitely could use some more filters.,negative,neutral,0.8491814136505127
why is the iphone app so much better!,negative,neutral,0.4639136493206024
"browser not opening sites, it just ideal.",negative,neutral,0.7685439586639404
"continuous crashing, won't even open now.",negative,negative,0.9620478749275208
they forced me to rate them so i docked a star.,neutral,negative,0.9476040601730347
lame. doesnt work for samsung intercept,negative,negative,0.9618232846260071
of mice and man,negative,negative,0.7413672804832458
only thing missing is custom notification,positive,neutral,0.49046069383621216
video cant open after click tha video,negative,negative,0.8289610147476196
weather animation has stopped and will not start. has been off nearly <number> weeks.,negative,negative,0.880757212638855
"i just came here because this app was featured on silicon valley, looks like a great app with an attractive interface.",positive,positive,0.8247127532958984
it's okay except for i have a lg phone and it doesn't work that well with the lg phone,positive,neutral,0.8542268872261047
cannot open or detect image file imported from nikon <number> j <number> camera which has .jpeg <url> i had to convert it first or use another photo app editing and save <url> so lightroom could detect the file <url>,neutral,neutral,0.6470193266868591
having trouble downloading the app,negative,negative,0.5643115639686584
i can't sent it through my messages to my contacts. only through facebook and that is absolutely ridiculous. this app sucks,negative,negative,0.96455317735672
very quickly reservation done.,positive,positive,0.8963779807090759
<salutation> please give setting to turn it off,negative,neutral,0.46470049023628235
fantastic app to track lighting! the rest of the app is the same as any other really. but in fairness i do not use the rest of the app.,positive,positive,0.8195951581001282
service is good but app is not much android oriented,neutral,neutral,0.8365104794502258
this app is better,neutral,neutral,0.46299436688423157
the improvement are a lot better but it would be nice to be able to send large mp <number> or mp <number> files via bbm.,positive,positive,0.5698899626731873
viuggg hang with my life in your help me a lot and then you have any attachments may contain information contained herein including attachments if it would love the way i will have been sent me a new one day i was thinking about my life in your,positive,neutral,0.6597679257392883
can't get to work for motorola droid,negative,negative,0.9432929754257202
bad for the aap is hanging,neutral,negative,0.9139894247055054
its really <url> though remove the trial days remaining,positive,neutral,0.5042791366577148
horrible radar. constant storm alerts with no storms around,negative,negative,0.9624512791633606
cool idea pain da butt to use then at times wont work <url>,negative,neutral,0.7522489428520203
new update v <number> . <number> crashes all the time,positive,negative,0.8838457465171814
"it's okay (at least, freebies now included) <url>",neutral,neutral,0.7543914318084717
only <number> stars since it will not let me delete any files. please fix.,neutral,neutral,0.5763851404190063
does what it is supposed to do and does it well.,positive,positive,0.7235888838768005
"very useful, but has a few annoyances",positive,positive,0.7755621075630188
can't download <url>,negative,negative,0.8714969754219055
"generally a good pdf viewer. i love the reading mode that reflow text and adjust font for better reading experience. the only problem, or i should call it a bug, is that it seems like this mode hates to see <number> letters ""f"" & ""i"" being together. for words like ""find"", ""first"", ""prefix"", etc. you will see only ""nd"", ""rst"", ""prex"", etc.",positive,positive,0.8426259160041809
no support for paid ad-free version,neutral,negative,0.904213547706604
i like this app,positive,positive,0.6038511395454407
used to use it for studying but after reacent update it won't open. please fix,neutral,negative,0.6826746463775635
last update is a disaster,negative,negative,0.9116764068603516
would be better if emoji's didn't disappear when new ones are added,neutral,neutral,0.641264796257019
good for basic stuff,neutral,neutral,0.5116341710090637
fun but android needs more options!!,neutral,positive,0.602718710899353
"the usual mediocre bare bone pdf reader from adobe, totally lacking in functionality. repligo reader is better",negative,neutral,0.631391704082489
stays open in background,negative,neutral,0.6333168148994446
it's actually helpful.,positive,positive,0.6291153430938721
good enough and satisfied result <url> its quite good aap,neutral,positive,0.6889516711235046
why songs are not downloading from the websites. there is always showing error. whenever i download some song. pls fix this bugg,neutral,neutral,0.531730592250824
booking is simple and straight forward.,positive,positive,0.651918351650238
"a really good and practical app, however like every other app it still has room for improvement!",positive,positive,0.9086328744888306
excellent pdf viewer rendered unusable by the inability to jump to a page and by the fact that it doesn't remember where you were or bookmarks.,negative,positive,0.8745236396789551
good site but still faceing issue with hotel even we confirm through app,positive,neutral,0.5333901047706604
it took forever to download,neutral,negative,0.5473418831825256
i've started using the lightroom camera to take all my photos in raw (dng) and i've noticed today that while out at <number> : <number> on <number> / <number> / <number> and taking pictures the time and date stamp on the images says <number> : <number> <number> / <number> / <number> . what's all that about? i can't change it so where does it get it's info from? also the preview does not show the correct colour. it does when using the slider but as soon as i let it go the image reverts back to a almost black and white.,neutral,neutral,0.7671257853507996
it's cute for younger people but i use it some. i'm <number> yrs old.,positive,positive,0.708243191242218
"i had login throught google + <url> but i changed my mind and wanted to login through <url> so, i logged out !!! now, i cannot login back. the app is going back to registration page with the option to login to facebook !!! please look into the solution for this !",neutral,negative,0.9434970617294312
please could we have the option to install to sd card. what is the point in having a large sd card if it doesn't even get used,negative,neutral,0.7437105178833008
wont open at all,negative,negative,0.9009444117546082
good stickers allow users to express better. how come i cannot use bbm calls?,neutral,neutral,0.5400757789611816
why pr have no radar????,negative,negative,0.5209435224533081
before it can connect even the signal is weak now it needs more signal to connect,neutral,neutral,0.7030401825904846
radar maps are all wrong,negative,negative,0.8640716671943665
it is fast downloading app,positive,positive,0.8852507472038269
make it a zoo or fish tank,positive,positive,0.47137805819511414
waah!!! so nice app,positive,positive,0.7783026099205017
why pay that price for tablet use,negative,negative,0.796516478061676
good bit doesn't have the choices in search section for type of rooms such as not-smoking or soundproof ones or double-room etc.,positive,neutral,0.5531181693077087
too slow at times,neutral,neutral,0.7737256288528442
it's very easy to use and all types of format documents easily opened,positive,positive,0.9275674223899841
can not sign in,negative,negative,0.9513277411460876
it makes team communication highly open and accessible,positive,positive,0.9336921572685242
when message is being sent it takes time to be received,neutral,neutral,0.7455227375030518
pretty accurate for the most part i think,positive,positive,0.8886200785636902
spark is about the only good thing,neutral,positive,0.5079399347305298
broke the upload photo feature,negative,negative,0.8203093409538269
best app but suggest download stop,positive,neutral,0.5763985514640808
some hotels are a bit shady,neutral,neutral,0.7579504251480103
its fun to see you're own emoji !,neutral,positive,0.6226414442062378
its not so great as i expected it to be,neutral,neutral,0.8528086543083191
keeps going down n the ads r anoying,negative,negative,0.5806667804718018
it was good enough until i can't change my display picture,negative,neutral,0.7332375049591064
it's a trial. editing feature not impressive.,positive,neutral,0.7677772045135498
love it <url> great job <url>,neutral,positive,0.6880655884742737
used to be good,negative,negative,0.787201464176178
very good and useful app,positive,positive,0.9029824137687683
"the app will no longer let me delete locations. uninstalled, and reinstalled and they are still there. frustrating.",neutral,negative,0.9365400671958923
"buggy, ambigue and less features",negative,neutral,0.7606299519538879
"this has helped my productivity a lot. i've only recently started experiencing issues with it. before, the app used to count extra time i went without using my phone even after the <number> min mark. it was really gratifying to see how much longer i was able to last + it contributed to my forest and my overall focus count. but now it isn't doing that? so it kind of discourages me from continuing to work past the sound of the timer even if i feel like i could. if it's possible, please do something about that.",neutral,positive,0.5945757031440735
"zooming slow, okay otherwise",neutral,neutral,0.8245400190353394
"fix zoom in attached images! it doesn't work first <number> seconds the image open, and for gif it doesn't work at all. and is that tat hard to add rotation you've ""planned to add"" a year ago? where's a font size setting or guesture scale sor chat?",neutral,neutral,0.6639682650566101
when will the local adjustments tool be disponible for android users?? hope it's included on the next actualization !!,positive,neutral,0.5147245526313782
just started using it !,positive,negative,0.5431876182556152
so cute. wish it were easier to access via other apps,positive,positive,0.5711434483528137
really like the way this app has evolved from it's first version. please add android wear notification service asap. its really easy to add and people are badly missing it.,positive,positive,0.8876254558563232
"good on mobile devices ,simply good on move",positive,positive,0.5912538170814514
need to avoid unwanted ads and also enhance the downloading speed. overall nice app.,positive,positive,0.8912010192871094
"i really like this app and is what i go to when i start loosing concentration. i wish there were more stats and plant types, also more beautifully animated and things that change <url>",positive,positive,0.9234100580215454
was <url> now radar broken,negative,negative,0.8817942142486572
booking bait and switch,negative,negative,0.8816040754318237
this seems like it would be cool,negative,neutral,0.6304172277450562
cannot see my photo's on device,negative,neutral,0.5674447417259216
so far so good!! i love it.,positive,positive,0.7906094193458557
"such an intrusive browser, coming from china. it can't be trusted with your online activities. indians, be aware.",negative,negative,0.9172242283821106
hi i download this app he is the very good app,positive,positive,0.8326050043106079
where is the download process,positive,neutral,0.6691600680351257
brill so easy to use,positive,positive,0.8052757978439331
the app isn't working on the note <number> . i'll update my review if/when it works.,negative,negative,0.6733608841896057
"""you have cancelled your entire <url> ""???",negative,negative,0.9589793086051941
it good for local german reports nearly as good as <url>,positive,positive,0.5407100915908813
does what i need it to,neutral,positive,0.7253018617630005
it's good for communication,neutral,positive,0.6747240424156189
it sometimes sends the wrong <url>,neutral,negative,0.6391199827194214
please add the feature of sharpen and blur,neutral,positive,0.7427473664283752
notifications aren't working???,positive,negative,0.5090355277061462
lag while zoom in/out,positive,neutral,0.7067978978157043
had some slowness issues?,positive,neutral,0.6439222097396851
awesome app one of the <signature>,positive,positive,0.8983807563781738
it does great and gives accurate weather information,positive,positive,0.9239705204963684
bogus . there are several aps much useful,negative,neutral,0.730317234992981
'no notifications' doesn't work.,negative,negative,0.9054718613624573
great app for managing hotel reservations on the go. it's also nice to earn rewards for frequent stays. i think this is the <signature>,positive,positive,0.9360548257827759
app keeps crashing. unable to open after latest update.,positive,negative,0.9520273208618164
always update but nothing improve,neutral,neutral,0.7908846139907837
"great concept, poor implementation",neutral,negative,0.9379205107688904
contact picture not show.,negative,neutral,0.6111935973167419
canon cr <number> support please,neutral,neutral,0.4854573607444763
this thing is a trap! it will take your money,negative,negative,0.9591441750526428
"the icon re-design is a tremendous eye-sore more fit to be the face of a pharmaceutical firm, and they didnt put any extra effort into making the app on any of the platforms, leaving gaps in design. no dark mode, no voip, no collapsing the sidebar on ios or windows. i use it because my friends do.",negative,neutral,0.5655314326286316
"just need an option to mute notifications (some of us work different timezones and like sleep), other than that it works pretty well!",positive,positive,0.5590907335281372
good for net work download,positive,neutral,0.5485521554946899
i want this feature,positive,positive,0.5616956949234009
content rating: low maturity,positive,neutral,0.7195612788200378
this application doesn't work in my handphone,negative,negative,0.9457922577857971
slack chat is good,positive,neutral,0.6378239989280701
i find the user experience superior to other apps.,positive,positive,0.7204607725143433
"great app, needs better ui on reviews",neutral,positive,0.8465284705162048
great new camera in-app,positive,positive,0.8417518138885498
would be <number> <url>,negative,neutral,0.5701138377189636
it's a good application,neutral,positive,0.6288796663284302
"five star service, two star app",negative,positive,0.6710898280143738
everytime my phone went on sleep it killed the tree and became completely pointless because i would've had to tap my phone every <number> seconds to keep it from locking and killing the tree.,negative,negative,0.966685950756073
bbm isnt the <signature>,neutral,neutral,0.6209152936935425
can you please give a little speed more on download,neutral,positive,0.5850020051002502
need support for .cr <number> format,positive,neutral,0.7530602216720581
"unecessarily complicated and cumbersome. it's so difficult to create new workspaces and move people from one to another. if you don't have someone's email address memorized, good luck! this app has a long way to go to be truly useful every day. in addition to the above, notifications are a bit of a nightmare. i've missed out on a lot of critical messages because notifications just don't work when they need to. i've run out of room for feedback but i could go <url>",negative,neutral,0.5432072281837463
i'm surprised hdr is not supported on the huawei nexus <number> p. i realize it is isn't as new as the pixels but it's still a pretty fast phone.,neutral,positive,0.590779185295105
where is the bookmarks?,neutral,negative,0.47339025139808655
"love this app, developers have been brilliant at fixing bugs and the feedback system is great!",neutral,positive,0.8509968519210815
i want to give this app <number> <url>,negative,negative,0.8719336986541748
cant even sign in or sign up,negative,negative,0.9600645303726196
"very nice weather app. would like to see more detail on air quality, pollen, etc",positive,positive,0.929961085319519
simple to use. nice option to search via map,positive,positive,0.8429942727088928
what a huge step backwards for useability.,negative,neutral,0.5406623482704163
it is what it is!,neutral,neutral,0.4412267804145813
"+pinch zoom, +++reflow text, --render speed on scroll, ---should find all pdf including dowloaded by browser, --no search, ---no images in reflow",negative,neutral,0.5012161135673523
this app keeps killing my tree whenever i off my <url> this is so bad. i ended up kore time restarting the timer.,negative,negative,0.9636064767837524
website offers better and more search options.,negative,positive,0.5689214468002319
i love this browser,positive,positive,0.5148234367370605
not always perfectly accurate. i like the hourly forecast.,positive,positive,0.5706331729888916
mobile notifications not working,neutral,negative,0.8553656935691833
cannot unlock password protected ebooks. can't even interact with links or buttons. worthless for password protected ebooks.,negative,negative,0.9646878242492676
this app is an nice good for everything i need but they are problems u must fix,positive,positive,0.6742260456085205
getting worse than before,neutral,negative,0.6275911927223206
it's easier and efficient,positive,positive,0.8339200615882874
"what the mobile developers do not understand is: do not ever ever change the application icon! the icon shape and color are used to quickly identify an app between other dozen apps. that's how the brain works! moreover, an update only for the app icon? where is the video recording option? i use slack daily (it's the main chat / video conferencing solution where i work) and you can simply cannot record meetings!",negative,negative,0.6473850011825562
"cute and accurate, but no long hair",neutral,positive,0.5797598361968994
used to work. not anymore,negative,negative,0.8588088750839233
an outstanding way of communication with the team.,positive,positive,0.9334954023361206
internet is better than this because,neutral,neutral,0.5931920409202576
"sucks. force close, pdf never opens. htc hero.",negative,negative,0.960113525390625
"i like it just wish tht we had more choices for the avatar and the body shapes were more womenly, besides that i think it's great!",neutral,positive,0.8207441568374634
was great when it worked,negative,negative,0.5496378540992737
update has ruined functionality. now difficult to search rooms for <number> people etc. terrible terrible terrible!,negative,negative,0.9676461815834045
would like it better if you could use this app in fb <url>,neutral,neutral,0.5970443487167358
great app with potential.,positive,positive,0.9257352948188782
handles small pdf files really well. needs bookmarks.,neutral,neutral,0.8382270932197571
why not a mobile web version ??!!?!,negative,negative,0.6032111048698425
"i love this app, the ui is nice and smooth, no bugs what-so-ever, and it knows when i press the home button and enter another app. (turn on advanced something in the settings) looks very smooth, and it works as it should! the problem is, i can't lock my phone without killing the tree, and it wastes the battery. that's pretty much my only complaint! (i'm fairly new to the app, and i heard that when your forest gets full, that you can't put in anymore trees. if so, please let the forest expand as well.)",positive,positive,0.8976672291755676
i was addicted to game and other stuff my personal work ratio was too down and this app really help <url> !,positive,neutral,0.5264965295791626
stuck in update mode,negative,negative,0.7540820837020874
while downloading music it goes to play store .,neutral,neutral,0.5489755868911743
can't append it to sd card when updated in htc wildfire,negative,neutral,0.4993835687637329
free emoticons are <url> good,neutral,neutral,0.6224170327186584
"i could plant the tree while watching youtube , no different than clash of clans",negative,neutral,0.6033136248588562
bbm cant connect properly,negative,negative,0.8077123165130615
"it would be cooler if you could mix and match the pants, shoes, shirts, jackets, etc. instead of having to choose from predetermined outfits. i want to make my own outfit!",positive,positive,0.6956488490104675
"works fine, too many ads",positive,neutral,0.7646675109863281
they okay good on the <number> day forecast.!,neutral,neutral,0.5475956797599792
"when it works, it's good. but far too many crashes on my galaxy tab s <number> .",neutral,neutral,0.7438563704490662
terrible it now no longer works the way it used to. it was the <signature>,negative,negative,0.9657039642333984
push notifications not reliable,positive,neutral,0.7725062370300293
went out and can't access it ny more. what happened. says i have <number> go thru fb or my email and i have <number> sign up and in wen i've been using it <number> the past <number> months. what happened!,neutral,negative,0.9196931719779968
to set a profile picture is very frustrating as the current set up/method cuts out most of the picture. this really should be adjusted.,neutral,neutral,0.7812516689300537
i liked <url> this is very useful,positive,positive,0.8062544465065002
if your not using this to book your loosing out,neutral,negative,0.7854732871055603
"the app keeps asking me to rate it despite me constantly telling it ""no"" so i'm rating it <number> star out of spite and partially because they don't actually follow the choices they give you.",negative,neutral,0.6577497124671936
"uc browser is a fantastic browser application. the team behind the creation of this application have all done a wonderful job. keep it up as you continue to improve upon this great application. however, i wish to suggest that option to be able to send applications in speed mode { facebook, twitter etc} to phone desktop/home screen be incorporated into this application. secondly, make it possible to be able to select and set desired audio file as alert tones for applications like facebook etc. we therefore look forward to seeing these options in your next update sir. <signature>",neutral,positive,0.8825036883354187
"battery drain, battery drain, battery drain",negative,negative,0.8456591367721558
won't open raw files,negative,negative,0.9507871866226196
force closes on samsung moment w/android v <number> . <number>,negative,negative,0.8032792806625366
not as good as desktop app .too slow while navigaring to different channels amd personal chats.,neutral,neutral,0.75623619556427
weather is nice and shows precipitation also,positive,positive,0.8217653632164001
"won't let me add locations, other than that, works well.",neutral,neutral,0.5448337197303772
note <number> <url> of nov <number> th.,negative,neutral,0.532583475112915
rooms sold not always available,neutral,neutral,0.5208836793899536
please add a feature!,neutral,positive,0.5973503589630127
so many ads r coming i hate this app,negative,negative,0.9590437412261963
it does what it's supposed to.,positive,neutral,0.7323351502418518
it really sucks that disabling wysisyg in the settings does not work. i want my input freedom.,negative,negative,0.904784083366394
it's a decent app,positive,neutral,0.5152459740638733
have issue on redmi note <number>,neutral,neutral,0.54559326171875
"i would give it <number> , but it keeps stopping when converting text to pdf",positive,neutral,0.6936017274856567
very good for me,positive,positive,0.8580581545829773
"app whitelisting doesn't work, everything works fine when whitelisting is turned off (tree withers when i exit the app) but when it's on, i can access any app without the tree dying, not just the whitelisted ones. i've also turned on the advanced detection mode, does not help.",neutral,neutral,0.7861678004264832
"this ""use"" to be the greatest weather app right up until <url> latest update froze radar animation and i don't get alerts until i open the app. deleting and going to find a better app.",negative,negative,0.7495313286781311
"it does its job, but asking each time to rate the app is infuriating",neutral,neutral,0.8128230571746826
my weatherbug now tells me im <number> towns away. reported <url> they told me i was dumb basically.,negative,negative,0.7634614109992981
crude humor supports the deteriorating morals of society. not acceptable,negative,negative,0.7014997005462646
after installed the browser <url> phone will hang and some unwanted program to be automatically <url> will affect on <url>,negative,negative,0.8886505365371704
some update or something makes this wonderful app crash. please remedy the issue!!!,neutral,positive,0.58842533826828
love it but easy on the ads pls,positive,positive,0.6838347911834717
"for all those whose trees are not withering, turn off whitelist mode",neutral,positive,0.5283783674240112
"i really enjoy this app, it's been quite helpful. however, though it counts the time you exceed the preset goal you don't get any extra trees/bushes. this means that i sometimes go over my time focus goal, but only see one lonely tree for my efforts. good bit of a bummer. otherwise, love the app.",positive,positive,0.8867941498756409
not as accurate at weather channel but i like that i can choose the radar location.,positive,positive,0.8450266122817993
i prefer the blackberry version to the android version. or maybe i've not discovered all the tricks here.,neutral,neutral,0.5220913290977478
great! so much potential!,positive,positive,0.8915125727653503
can't use bbm after update,negative,negative,0.5282751321792603
on getting the latest update the app stopped working all of a sudden. i use samsung galaxy s <number> . please see what has gone wrong. i tried reinstalling the app too. didn't work.,negative,negative,0.9246995449066162
very very slow even on nexus one,negative,negative,0.8536871075630188
like the old version better,positive,neutral,0.5756713151931763
stop asking me to rate every time i launch the app.,negative,negative,0.5269262194633484
lots of force closes on galaxy s.,negative,negative,0.6830118298530579
needs more of the core lightroom features,neutral,neutral,0.7181447744369507
"great app, just a few things that need addressed. i can no longer ""purchase"" additional trees and i have the $. it says forbidden after taking a while to load. i've uninstalled and reinstalled, running on the most current app and android os <number> . <number> , droid turbo <number> .",neutral,positive,0.6964372992515564
please add live radar widget!,positive,neutral,0.5153398513793945
can't quickly link to specific page or bookmark. sucks. quick office is much better for reading pdfs.,negative,neutral,0.7764506340026855
it dose not let you do anything,negative,negative,0.9231335520744324
hourly doesn't match the <number> day,neutral,negative,0.5572284460067749
it's a good app,positive,neutral,0.4997352063655853
good app edit picture,positive,neutral,0.5152384638786316
can't bookmark the page! it's hard to read an e-book and remember the page number. i will delete.,negative,negative,0.702156662940979
use for fast download,positive,positive,0.8495325446128845
used to be the <signature>,negative,negative,0.7628195285797119
better than most. quick and easy,positive,positive,0.9113491177558899
"not fast in sending and receiving messages, the app needs to be worked on.",negative,neutral,0.631030261516571
local adjustment not appearing,positive,neutral,0.7788680195808411
used to be great,negative,negative,0.808095395565033
just got it <url> fingers crossed,neutral,neutral,0.48192039132118225
best pic editing <url>,positive,positive,0.8699156641960144
no bookmark or jump page. doesnt remember where i was when closed,negative,negative,0.8803680539131165
"good. only complaint is that sometimes the location on my lock screen is not my current location, but a random one from my saved places.",positive,neutral,0.5757001042366028
for the older version,neutral,neutral,0.5643956065177917
"this app is pretty good, but i wish i could use this in my normal keyboard and i hope that it will be animated and have a transparent background",positive,positive,0.7731854915618896
it's very accurate and good,positive,positive,0.8618395328521729
loved it till i got a new phone,negative,negative,0.6090469360351562
works ok but crashes when i rotate my archos <number> .,neutral,neutral,0.8044798374176025
bloats <number> megs needs to be movable to <url>,negative,negative,0.5577076077461243
shares the way it wants without permission,negative,negative,0.6206812262535095
external storage for cache,neutral,neutral,0.6708350777626038
the radar map is practically useless now,negative,negative,0.9624136090278625
will not select the correct current location.,negative,negative,0.49621501564979553
cant edit my avatar and cant log in!!,negative,negative,0.9482774138450623
this is worse than what we call pathetic when it comes to mobile app.,negative,negative,0.9519665241241455
updated to make it worst,negative,negative,0.9457784295082092
the trees do not die when i leave the app which is what the app was supposed to do should i have left the app to use other apps like ig or youtube,negative,negative,0.5472791194915771
new version is a major step back,negative,positive,0.4285281300544739
awesome and secure app,positive,positive,0.9074645042419434
awful app. really awful.,negative,negative,0.9660869240760803
would rate <number> <url>,negative,neutral,0.5917224287986755
"makes an incredibly annoying and loud clicking sound through the speakers whenever you take a photo, with no ability to disable it.",neutral,negative,0.6092460751533508
it's nice but some problems r there,neutral,positive,0.5109632015228271
have used it for years,positive,positive,0.687711775302887
hope it supports split screen,positive,neutral,0.5212787985801697
good app to <url> i alwayz prefer uc browser to <url>,positive,neutral,0.717732310295105
some issues but otherwise excellent,positive,positive,0.6198714971542358
"this app is great, allows you to edit raw files, and almost has all the same options as a desktop/laptop version. the only thing i would really love to see is a brush setting, really all it needs for <number> stars in my books!",positive,positive,0.8789114952087402
basic stuff done well,neutral,positive,0.6023719906806946
unfriendly to free users,negative,negative,0.9595305919647217
crashed my phone twice in a row doing nothing more then trying to read a <url>,negative,negative,0.9443085193634033
has become unreliable and very inaccurate. loved it and now will get rid of because of terrible forecasts.,negative,negative,0.9373786449432373
still no group contacts like old bbm,negative,neutral,0.7313112616539001
"slow loading, double notifications",neutral,neutral,0.7104296684265137
i love this app but sometimes it is really lagging.,positive,positive,0.610862672328949
freezes when opening pdfs. useless. root droid <number> . <number>,negative,negative,0.9560683965682983
"really nice app ,with grt way to analyse yr productivity",positive,positive,0.9139571785926819
great but one major problem,positive,positive,0.7915658354759216
this program needs to be able to jump to specific pages in the pdf. i have a <number> page set of blueprints in need to access multiple times daily. fix,negative,neutral,0.7163198590278625
something went wrong before i could access this app. immediately <url> viruses needed.,negative,negative,0.873544454574585
last update problem when search number adults,negative,neutral,0.6256616711616516
very good app very easy,positive,positive,0.9139730334281921
it's good app and doesn't contain virus,positive,neutral,0.6559597849845886
please add widgets for slack,positive,positive,0.5762079358100891
add hdr support for htc <number> please!,neutral,neutral,0.5228109359741211
"suddenly it's killing all my trees it's was working perfectly, but now i keep getting a ""unknown app'",negative,neutral,0.5949295163154602
well <url> you need access to my files and my camera ? looks like an insecure joke. i 'll install once we are back to serious.,negative,neutral,0.6624401211738586
this app is <url> not as expected,negative,negative,0.5458672642707825
please add remind me option,neutral,positive,0.783700704574585
"original user interface, very usable.",positive,positive,0.6116605997085571
i use this site for booking over night stays when going on holiday. good hotel and great staff.,positive,positive,0.9282081723213196
can't access my account,negative,negative,0.9596954584121704
very useful to find non-chain hotels--saving lots of money when all you need is a clean room and a servicable bed.,positive,positive,0.9211835861206055
"love it, something for almost every occasion!",positive,positive,0.8842650651931763
doesn't format text correctly,neutral,neutral,0.6507589817047119
"despite all these new pdf readers, this app provides very good benefits",positive,positive,0.8468865156173706
love it but hate it,neutral,neutral,0.46069037914276123
great application. efficient way to browse and book accommodation.,neutral,positive,0.9308021664619446
great mutch eadier than website. quick and convenient,positive,positive,0.8790818452835083
excellent. not needing any permissions is cool.,neutral,positive,0.6132453083992004
"works pretty good, nice to finally have this on android.",positive,positive,0.8510451912879944
to boring and to many adds,negative,neutral,0.5023230910301208
reply from notification and remove bbm channels,neutral,neutral,0.5723907351493835
love the app but current temperature doesn't stay in the notification bar even though i have it set to go the settings. please fix. i have to constantly open the app for current temp.,positive,positive,0.5214235186576843
i like it . works great,neutral,positive,0.9248654246330261
it's good for documents viewings and managing.,positive,positive,0.8206132054328918
it's good but not too much <url> it's working well,positive,neutral,0.6718382239341736
pic porn on ads,negative,negative,0.857565701007843
dope! i wish there was a batch deletion feature.,positive,neutral,0.5211868286132812
"worked great for years but now it double posts everything i send on my chromebook. love it on every other <url> iphone, mac. i hope this is fixed in the next <url> !",neutral,positive,0.5935471653938293
"sering error, but it's fine. still working",positive,neutral,0.5979747176170349
full of bugs. i can claim the reward but my coins doesn't increase at all????,negative,negative,0.8584665656089783
reliable when signal is good,positive,positive,0.5437785387039185
love it and hate it.,neutral,negative,0.9259722828865051
would be good if you could delete after finished!,neutral,neutral,0.6620137691497803
works for me. only one i ever use.,positive,positive,0.5602125525474548
error <url> do not work. i'm having <number> . <number> . <number> <url> still not working .,negative,negative,0.96185302734375
it is very good but it needs more options on the facial features and the body motifications,positive,positive,0.8009731769561768
takes up <number> percent of the <url> saves everything u <url> good for a <url> have motorola droid.,negative,neutral,0.5870357155799866
nice <url> was using this <url> information for news and latest updates,neutral,positive,0.5532019138336182
"the whitelist doesn't <url> no matter what i do, my tree dies.",neutral,negative,0.7535571455955505
"good app, but lacking android wear (and thus pebble) support. i prefer google hangouts to slack because of this missing functionality.",neutral,neutral,0.7664464712142944
great but too much phone access,neutral,positive,0.7317705750465393
if you can't offer better pricing you're useless,negative,negative,0.9508901238441467
seriously your ad blocker never works everytime i go to movies site pop up ads pop ups every second very irritating don't <url> u will never get good surfing experience,negative,negative,0.9063304662704468
minimize category and bbm group user friendly,positive,positive,0.6782671213150024
it doesn't save the last page you were on. it's annoying.,neutral,neutral,0.6792461276054382
please add something which shows you how long you've worked for each day and maybe a graph for comparing different working times,neutral,positive,0.8809412717819214
not bad better than other,positive,neutral,0.6245439052581787
i like the radar and spark. i work outside so that helps. the temp though? <url> but i guess that's what you get when trying to predict the actions of the most volatile woman in existence. mother nature of course.,neutral,positive,0.8401309251785278
why it is asking to download uc browser when i am going to download song and i don't want to download uc browser,negative,negative,0.7068392038345337
"awesome app!! it helps me a <url> i think it will be better if it had a <url> like we can time when it will start <url> sometimes i like to use my phone a lot. like before bed or using my phone at <url> smting like that. if you had the timer, we can set our work time so we would not play phones at certain <url> but still this app is great!!",positive,positive,0.896446168422699
good app but <url>,neutral,neutral,0.6664153933525085
does the job it aims to do,neutral,positive,0.745958685874939
ridiculous. why the hell i cannot move it to memory card?,negative,negative,0.9575000405311584
download error problem network gone after network connected again donwload doesn't resume,neutral,negative,0.8347688317298889
"i would give this app more stars if it weren't for the inability to get an overview of the total number of hours sunk into each tag rather than just a percentage, extend the amount of time you want on the fly and to filter by multiple tags vs either only one or all at the moment.",neutral,positive,0.7512079477310181
"its cool, i love it",neutral,positive,0.5864776372909546
warning. bad apps. this apps cheat ur money on cancelation,negative,negative,0.9576847553253174
please fix!! then <number> stars,negative,negative,0.4899542033672333
it's ok this apps,positive,neutral,0.7733698487281799
please add support for links inside pdf! great app but i really miss that feature!!,neutral,positive,0.9044008255004883
weatherbug was better <number> years back than it is now. i do not like the last few updates. the maps not as good especially showing cloud cover with storms or without. the layers is really sib par from the way it was. now for the last <number> days its shutting down for no reason,neutral,neutral,0.6424759030342102
uc helpful but it's have many bad <url>,positive,neutral,0.6534140706062317
it tells me what i need to know,positive,positive,0.7765583992004395
addicted to phone? this is the app,positive,negative,0.9173533320426941
works well but beware the enormous memory use for data. if this could be stored on sd card then i would give <number> stars. as it is may have to uninstall.,neutral,neutral,0.7169227004051208
nice app for viewing documents!!! have been using it since many years!,positive,positive,0.9266520142555237
doesn't have a logout option,positive,neutral,0.7027454972267151
enlarge capacity for sending video,neutral,neutral,0.5598120093345642
"it needs to have color, hairstyles and have character friends we pick on the lists to be in emojis too. plus can we have clothes come from video games and movies. plz",positive,positive,0.6187950968742371
excellent considering all i want is pdf reader. but confused why such a basic thing like bookmarks is missing! the page nav good but never accurate,neutral,positive,0.5600057244300842
very funny! it crashes in my s <number> edge+,negative,neutral,0.5464907288551331
cant book in alantic city nj,negative,negative,0.6567392349243164
learnt about it hope it is going to be <url>,neutral,neutral,0.526599109172821
i think it is cool because you can use it for anything and could make stories etc.,positive,positive,0.7549806237220764
"so powerful, yet so limited.",neutral,neutral,0.7724319696426392
i really like this app. have a lot of fun with it when i send text messages. haven't had any problems with it.,neutral,positive,0.8864884376525879
new icon is really lame. looks like google <url> hahaha. binit,negative,negative,0.8057453036308289
easy and convenient to use,positive,positive,0.9198960065841675
holy data <url> people please!,negative,neutral,0.4247216284275055
screw you slack for arbitrarily forcing everyone on mobile to download this utterly superfluous client while your services run well in browser.,negative,negative,0.9683154821395874
sometime. . force close hard launch,neutral,neutral,0.6448180079460144
"slow, and hang when zoom",negative,neutral,0.6561698317527771
"the app is really good. i find it really fun but i suggest that you guys add piercings, birthmarks, beauty marks and things like that, maybe even allow more then two bitmoji characters. other than that, the app is really good",positive,positive,0.8357171416282654
"would pay extra to get the ads to go away. otherwise, very good.",neutral,positive,0.7258655428886414
beware making fool and cheating beware,negative,negative,0.95932537317276
what happened to the paid version?,negative,negative,0.8515764474868774
good <number> st version - htc one m <number>,positive,neutral,0.5803176760673523
great app use it to store music in,positive,positive,0.9117830991744995
"could use a bit of <url> other than that, great concept and idea!",neutral,positive,0.8256056308746338
more customizable than the other guy but not as complete as i'd like,positive,neutral,0.5845577716827393
"i always like this app since i used my old curve. but the ads kill me, hahahaha.",positive,negative,0.5413002967834473
"what a crappy app. rim can do much betta than this. wanted to give it a zero star but that option ain't available, i wonder why.",negative,negative,0.8775065541267395
it's a good app . it saved my mobile from getting virus into my mobile,positive,positive,0.7183564305305481
it's really nice !!!,neutral,positive,0.7411542534828186
"the prices are super high. like,the great <url> a billionaire could pay, but they would be poor afterwards. don't use!",negative,negative,0.8043553233146667
"great local forecast, maybe because i live near their headquarters. it works great when i travels as well.",positive,positive,0.9088046550750732
not very compatible with pomodoro technique,neutral,neutral,0.7484048008918762
very useful and reliable app. documents are available offline which i find very convenient,positive,positive,0.935979425907135
too many ads! hate it,negative,negative,0.95919269323349
good but i don't like this app becouse of that annoying ads please remove this <url>,negative,neutral,0.7127243876457214
improve android app please,neutral,neutral,0.5917287468910217
not happy over my profile picture,neutral,negative,0.697113037109375
foxit reader is more convenient,positive,neutral,0.6402114033699036
"cute, simple and motivating!",positive,positive,0.9128776788711548
good but could be better,positive,neutral,0.6813951730728149
"one of the essential apps, but imperfectly realized in android",positive,neutral,0.6374562382698059
like it but too much ads,positive,neutral,0.5929763317108154
still very lame. can't open pdfs that are image scans. cmon adobe. really?,negative,negative,0.9396812915802002
"after unable to launch get fixed in the update last night, all my past <number> days history is gone <url> all my lemon <url> this how the developer improve performance? very <url>",negative,negative,0.6054540872573853
you better call it off. useless.,negative,negative,0.9695594310760498
as good as the web version,positive,neutral,0.5679096579551697
just updated bbm and all of my chat history disappeared! need a way to restore it. pls fix it.,neutral,negative,0.9069711565971375
<salutation> can't even open password protected files. waste of time and memory,negative,negative,0.9691624641418457
i dont understand this ap,neutral,negative,0.9182864427566528
its a very good app,positive,positive,0.8637473583221436
good website for hotels. plenty of options and many with free cancellation.,positive,positive,0.8822014331817627
bad very very bad. in all website you have ads <url> is <url> <url> bad things <url> <url>,negative,negative,0.969461977481842
claims app <number> sd but <url> no option to move from phone to sd card. it's a <number> +mb app. htc di <number> . <number>,neutral,negative,0.6073945760726929
"unnecessary app, please kill it.",negative,negative,0.9526345133781433
my favorite way to communicate,positive,positive,0.9049360752105713
quickly opens up the pdf <url> and very user friendly,positive,positive,0.9164743423461914
force closed after update,neutral,negative,0.8699776530265808
this app is nice for safe <url>,neutral,neutral,0.49243322014808655
brings so much important info to my phone in an easy to use format.,positive,positive,0.8982027173042297
very nice and helpful app,positive,positive,0.9186246991157532
don't send fake news,neutral,negative,0.8118857145309448
it asks for login every time i start it and that is very annoying. on my ipad it does not behave that way.,neutral,neutral,0.49538078904151917
update <url> bisa copy comment di picture group <url> info bagaimana cara copy coment nya?,negative,negative,0.45750892162323
"good so far on phone, afraid to install on laptop, had a older version that wouldn't go away and had constant ads and pop-ups",positive,neutral,0.7209977507591248
this app is far too big.,negative,negative,0.506595253944397
this is a good app,positive,positive,0.6613864898681641
"i'm heard about security concerns related to this browser, can u explain it?",neutral,neutral,0.6368767619132996
worst app in world,negative,negative,0.9693418741226196
i wish i could make funnies with my friends in them. not just in snapchat. otherwise a very fun app.,positive,positive,0.8869456052780151
its alright but got a long way to go to better repligo. need to be able to skip to chapters and double tap zoom should fit paragraph to screen width,neutral,neutral,0.669998824596405
just missing an iphone feature.,positive,neutral,0.7521268129348755
not as good as on the blackberry phones doesn't show a red star to let you know you have an unread message unless you open the app,neutral,neutral,0.6761787533760071
excellent with some improvements,positive,positive,0.8803257346153259
add fonts and stuff,positive,positive,0.8498063087463379
please add some more features,positive,positive,0.6781046986579895
wish you could choose a friends to be part of the emoji,neutral,positive,0.5212541818618774
this app is useless. if i hit the home button the app plays in the background of my phone without the tree dying. that literally defeats the entire purpose of the app,negative,negative,0.9707743525505066
now i accepted it,positive,positive,0.4417837858200073
support for password protected documents.,neutral,positive,0.7746202945709229
discord came out and improved on slack in every way. there is no reason to use this trash anymore.,negative,negative,0.9619351029396057
not anymore waste of time,negative,negative,0.8369611501693726
not able to sign in,negative,negative,0.9333321452140808
edit: i found the lemons and how to kill trees,positive,neutral,0.4971676170825958
always eror <url> this app,negative,positive,0.6305978298187256
has too much space for ads. premium for login. there are more user friendly ways to monetize your app. the concept is ok but poorly executed,negative,neutral,0.6430982351303101
"since using a new update, my htc one x, always not <url>",negative,negative,0.8039227724075317
wpupd give more stars if we could use this app on fb messenger,neutral,neutral,0.5731208324432373
"not more reliable as the desktop app, but it is enough to get by",neutral,neutral,0.7675813436508179
does not open all pdf files that you can open with adobe on the pc. uninstalled.,negative,negative,0.9647195339202881
"really bad. zoom removes text, outer viewmode locks scrolling etc etc",negative,negative,0.9611777663230896
i think the app is ment for book worms and book worms like me love it,neutral,positive,0.7903833389282227
chat app or ads app,negative,negative,0.7886070609092712
"good accuracy, clean look and good features.",positive,positive,0.9039648771286011
tree doesn't whether if i leave the app n play game this app sucks,negative,negative,0.9231463670730591
even worse than photoshop,negative,negative,0.8312389254570007
begging for bookmark and copy paste option <url>,neutral,negative,0.6575136184692383
forgets where i was when killed by the system,neutral,negative,0.6398667693138123
very good. am no lonnger using infinix <number> am using mi note and it is very difficut for me to update my mi note phone.,neutral,positive,0.760299801826477
not easy to use,neutral,neutral,0.7228596210479736
good app but huge filespace,neutral,positive,0.4917279779911041
no substitute for this great secure app for mobile communication in real time,positive,neutral,0.4754314720630646
not for bald people,negative,neutral,0.6236131191253662
really useful app. totally enjoyed using it. i had downloaded this without many expectations but the simplicity and perfection that this app delivered totally blew me away. hats off to the developers !! keep up the great work !!,positive,positive,0.6415852904319763
"it's a good app overall, but the hourly forecast is totally unreliable. if the amatuers at weather underground can get it right <number> % of the time, why is weatherbug wrong <number> % of the time? c'mon folks, it's obviously do-able, so please try putting in the effort to get it right in the future (or at least check out the weather underground site and copy their work).",neutral,neutral,0.6177079677581787
so so. like other apps in the play store. nothing special.,neutral,neutral,0.7645308375358582
the standard tool for exchanging documents online,positive,positive,0.9055806994438171
please fix some bug n i will give u <number> star,neutral,neutral,0.5577666759490967
great app over all,positive,positive,0.9108893871307373
the app is interactive and has all the required functions.,positive,positive,0.6122047305107117
it's ok but the follow me is crap,neutral,neutral,0.8303565979003906
update every <number> minutes,neutral,neutral,0.4722975492477417
"i have installed and uninstalled repeated this several times, all it wants to do is update continuously. i can't use it at all.",negative,negative,0.9486543536186218
used battery most show identity,negative,neutral,0.4751136898994446
should have more filtering options. should stop nagging for a review when you've already posted one.,neutral,neutral,0.7910550236701965
"after reservation want to add rooms but app just crash, keep loading",negative,negative,0.5815408229827881
lost in the translation,negative,negative,0.6172752976417542
new version is much slower than the last. loading messages and channels feels sluggish and tedious.,negative,neutral,0.8108355402946472
where did the precipitation amounts go?,negative,neutral,0.5927999019622803
"it's nice, but it would be great there'd be some piercings",positive,positive,0.7211757302284241
it's a good app,positive,neutral,0.4997352063655853
good but could be better,positive,neutral,0.6813951730728149
last update hosed app,negative,negative,0.8866453766822815
"it keeps crashing. i like yet very annoying to keep <url> , weather stopped working.",neutral,negative,0.6488088965415955
the app would be better if you let us use calculator and <url> bcoz sometimes while studying you have to google something <url> just a suggestion.,neutral,neutral,0.6312300562858582
"i love the amount of data and the warnings. however in the last <number> months the application has failed to work often at least once a day. if this issue could be solved, i would give the app <number> stars.",neutral,positive,0.8412978649139404
you just need to add box braids as a hairstyle,positive,positive,0.8734883069992065
its nice to receive anything,positive,positive,0.641941487789154
this app is awful,negative,negative,0.9666655659675598
"bummer! now i am a former usser!!!! no-ads weatherbug, where are you? hello?",negative,negative,0.7036436796188354
good for an <url>,neutral,neutral,0.6977713108062744
this is very bad,neutral,negative,0.9652389287948608
doesnt work on the gs <number>,negative,negative,0.9458087682723999
too much ads not good for kids,neutral,neutral,0.5542051196098328
not working properly in android above <number> . <number>,positive,negative,0.9210008978843689
slow sometimes especially during video and audio calls. the app just hangs and stops working.,positive,neutral,0.823360800743103
if i could alter the apps appearance to allow for inverted colour schemes i would give it <number> stars other than that this is a brilliant app.,positive,positive,0.890640139579773
one of the <signature>,neutral,positive,0.9261801242828369
"it's not working for me, i'm using samsung tab <number> mini, it's asking for confirmation of date of birth",negative,negative,0.8049151301383972
"i can use other app meanwhile timer is running , so no use waste app",negative,negative,0.5306298732757568
app is up to date and easy to read.,positive,positive,0.8594439029693604
"do not waste your time. if u think u can save the earth but no, you have to buy premium first to plant trees. absolute a waste timer",negative,negative,0.963830828666687
sluggish compared to other pdf readers but renders well.,neutral,positive,0.6318484544754028
"i don't need this, but i'm sure someone will need it.",positive,neutral,0.5208498239517212
"really fast, good and probably the <signature>",positive,positive,0.8729515671730042
"my team, tired of waiting for a department driven initiative for collaboration tools, decided to start using this for ourselves. it's been a great experience so far - quicker responses, easy file sharing, organising social outings and reaching out to the whole team at once etc. the <signature>",positive,positive,0.9217982888221741
bad uploaded pic display,negative,negative,0.8735882043838501
i like this app is very useful,neutral,positive,0.8678574562072754
"i was not able to open the app even after reinstalling it twice so instead i installed ""flip flop"" app which is also a similar app",negative,negative,0.8635461926460266
what's with all the new permissions?,negative,negative,0.7690896987915039
the new automatic markdown feature sucks!!! and you cannot turn it off,negative,negative,0.9129924178123474
now it use very long time for export photo.,negative,positive,0.7036795020103455
can't import pictures,negative,negative,0.6255710124969482
i love it but for some reason it doesn't work well on my samsung. if it worked better with my phone a higher rating,neutral,positive,0.8056095242500305
did more things to say and more holiday,neutral,positive,0.6149040460586548
can not open edited images on my galaxy note <number>,negative,negative,0.5557426810264587
the confirmation details is not shown on <number> rd party screen. not useful if i have to inform <number> rd party of the confirmation details.,neutral,neutral,0.7293192148208618
never sends the correct emoji.,negative,negative,0.8259276151657104
please add save image setting,positive,neutral,0.596229612827301
i cant run the app after new update!!!,neutral,negative,0.9599505066871643
ads thats the only thing spoiling this <url> bcz ads are source of income <url> lose this app the source ur getting ads,negative,negative,0.9090113639831543
i have had this app for a while and it works really well,negative,positive,0.8576712608337402
mostly good except- sucks too much background data and not freindly to my battery . should shut itself down.,neutral,neutral,0.8049348592758179
"fairly accurate, wish the radar would update a little quicker",positive,positive,0.7721219062805176
what's up with it?,negative,negative,0.7408407926559448
up browser is <signature>,positive,neutral,0.4389254152774811
nice app but i can't highlight my text i pressed that longer but it couldn't work please check this out,positive,neutral,0.5886203050613403
love it but the radar needs future time,positive,positive,0.5781958699226379
itss ok but not good at <url>,neutral,neutral,0.8154826164245605
animation does not work. really disappointed. use everyday for work. moving on to the weather channel app. never fails.,negative,negative,0.9570692777633667
"maybe if the app followed material design guidelines, i would have rated it <number> stars. the controls are based on ios, so it's not easy to find your way, but overall it's a good photo app.",positive,positive,0.5958719849586487
new layout v <number>,positive,neutral,0.507604718208313
it does not install,positive,negative,0.9647253155708313
"its amazing app, but unfortunately after the new updation the app forced to close when importing a new photo. so please fix that bug immediately",positive,neutral,0.5240569114685059
try hotel tonight - $ <number> free,neutral,negative,0.458516001701355
"it's like <number> stars for the app, <number> star for new booking assistant. god damn it, how the hell can i just answer the message i got from a property???!!! why do i need to see <number> questions of an assistant instead, that i can not delete and that just mess up all the dialog! hate it. really hate this feature! do like everything else though.",positive,neutral,0.46295052766799927
been a good weather app for me! thumbs up!,positive,positive,0.6029677391052246
i guess it's <url>,positive,neutral,0.5566016435623169
loved it before update,neutral,negative,0.7337751984596252
it is good news app but some improvement required in spelling and language.,positive,positive,0.8162667155265808
"as a frequent user , you should have few options as reward the client should choose between",positive,positive,0.6125020980834961
no bookmark or jump to <url> really annoying,negative,negative,0.706367552280426
app is <url> service sucks,neutral,negative,0.6712446212768555
i can't use web mobile in <url>,negative,negative,0.8532438278198242
the new button is super poopy.,negative,neutral,0.5233808755874634
"i love it, but desperately needs to save last <url> and place within that <url> a bookmarking function!",neutral,positive,0.7271302342414856
"simple to use,in a straight forward easy to understand format. <signature>",positive,positive,0.8825066685676575
i saw no last minute rates as promised on the description.,negative,neutral,0.7100896835327148
if you browse like i do this is a must have. i rated it <number> stars before but now it is becoming a mess. you are killing its reputation with ads. i must wait for few seconds advert to finish before browsing.,neutral,negative,0.9358860850334167
the drawer is old,negative,neutral,0.4637299180030823
what a great messanger. you make us who separated a kilometers away can gather in one place. keep <url>,positive,negative,0.9408004879951477
add text option please,neutral,positive,0.5500649809837341
new logo looks like swastika maybe next time dev team will worked on app ram usage?,negative,neutral,0.6343804597854614
don't use. can't uninstall on tablet,neutral,negative,0.933965802192688
fast but doesn't allow you to jump to pages no good for big ebooks,neutral,neutral,0.6610031127929688
how can i make a video call??,positive,neutral,0.4941504895687103
easy to use and useful,positive,positive,0.9262076616287231
"i saw this app on engadget and was excited to try it. however, the hdr mode does not work on my phone. i have a samsung galaxy s <number> edge. it is listed as one of the phones that works but the option for hdr is not available on the drop-down menu.",neutral,neutral,0.5447629690170288
i was able to update and view my bookings very easily. very convenient.,positive,positive,0.9197565317153931
"it lost all my progress! i had the cat tree, octopus, etc",negative,negative,0.9234492182731628
best crashes ever!!!! worthless,negative,negative,0.9697600603103638
radar map never loads first try.,neutral,negative,0.6870028376579285
"simple to the massage, i like bbm,cause i can see when the massage have delivered n read .",positive,positive,0.8396360278129578
its <url> make something <url>,neutral,neutral,0.5547522306442261
this is my favorite weather app to use. i've used it since i was a teenager. the only problem i have is that the hourly forecast is almost never right which is very inconvenient for me considering i work outside. on the bright side you can look at the radar and pretty much tell what what is gonna hit you.,neutral,positive,0.8925543427467346
cant connect to facebook,neutral,negative,0.9098057150840759
"i like it and think it's super cute and fun, but i wish it had more such as maybe tattoos or piercings and i wish you could create outfits instead of picking an outfit",positive,positive,0.9086529612541199
good for quick edits on the move,positive,positive,0.5719336271286011
why the almost daily updates?,neutral,neutral,0.7041975855827332
terrible. i don't need creative cloud!,negative,negative,0.9655396938323975
sign up form doesn't work and this app doesnt work without an adobe account so it was just a waste of time.,negative,negative,0.9705047011375427
love it but a problem?,positive,positive,0.6380017399787903
does what supposed to an as far as forcast go seems good,positive,neutral,0.640899121761322
i can't import alot of my photos!,neutral,negative,0.7103768587112427
horrible pdf reader. there are much better alternatives.,negative,negative,0.966347336769104
"it's great that it can read my truck's <number> , <number> page service manual right here on my phone; but i can't find anything if there is no search feature!!",neutral,positive,0.5149900317192078
it does logout of account after closing,positive,negative,0.7083364129066467
"love it. would be great if you could include options to dodge and burn images, too.",positive,positive,0.8226795196533203
i don't like that i can't attach to a text in gboard. i have to go through bitmoji to send in a text. it is easier to send in iphone and i can't do friendmojis,positive,neutral,0.702106773853302
"does not work on the captivate at <url> very disapointed, it just says it has failed to read found files.",negative,negative,0.9382239580154419
it's an useful app,positive,positive,0.7838168144226074
is the white house in charge of it?,negative,neutral,0.4318676292896271
weather automation doesn't work anymore so it's stupid,negative,negative,0.8970305323600769
some times its just boarding,neutral,neutral,0.7327060699462891
i deplore pdfs of all kinds. <url> the only thing that can read a pdf. but this app does <url> it still sux,negative,neutral,0.5575047731399536
installs another app without warning,negative,negative,0.951295018196106
it's your app so you get to choose your logo. but this new one confusing my son that slack is a game and he is complaining i keep playing this game all the time but have no shame in denying his rights to play games eternally. ps: unable to view old items unless we pay is gross.,neutral,negative,0.8796530365943909
"other parties doin better ""reader n even writer"" than adobe!",negative,neutral,0.6576177477836609
takes too much time to load sometimes,positive,neutral,0.8185359835624695
it is an interesting app that uses a lot of memory. but great communication tool,neutral,positive,0.9147692918777466
it's amazing and faster then other <url>,neutral,positive,0.8242449760437012
best weather app out there until it stopped working. won't load anything now. please <url>,negative,positive,0.7301017642021179
will be much better if it has read out <url>,positive,neutral,0.6246822476387024
good overall but seems to have an issue of being unavailable or offline when other weather apps are working just fine providing the same info. <url> radar,positive,neutral,0.5118018984794617
does the camera support long exposure?,positive,neutral,0.7137769460678101
i enjoy using it. i just have to play with it more to get more experience,positive,positive,0.8739495277404785
it helps me a lot,positive,positive,0.8961554169654846
not bad at all. great improvement.,positive,positive,0.6990033388137817
plenty of unnessary ads,negative,negative,0.5894465446472168
the news feed so annoying please avoid this type of <url> or add a button for stop news <url>,negative,neutral,0.7135006189346313
can be a bit complicated and in your face but it does a good job and is well supported by venues.,positive,positive,0.7884193658828735
i liked it. no reply on mobile though.,positive,neutral,0.7374125123023987
"works perfectly with snapchat, i hope soon it has more goth/alternative outfits and options for piercings and ear spacers. love the new hair options!",positive,positive,0.9338607788085938
"it used to be a <number> star app but not every time i try to open it it crashes, please fix this asap",negative,negative,0.580091655254364
where's the support?,negative,neutral,0.5551677346229553
i think nice but mobile hang krta h,neutral,positive,0.49725982546806335
please add fonts in this app to write . <signature>,neutral,positive,0.623196542263031
"worked once, then has never worked again.",negative,negative,0.8428254723548889
fix the radar! what is taking so long? i'm very close to deleting this app for good. i doubt i'm alone!,negative,negative,0.844613790512085
it is good aap for searching and downloading <url>,positive,positive,0.6377015709877014
while controlling shutter speed whole app is getting freezed.,neutral,negative,0.5778006315231323
"no full language support. what a shame, adobe.",negative,negative,0.9528038501739502
it's nice <url>,neutral,neutral,0.5283480286598206
"this app is not at all what i had expected. it is very hard to use. at the beggining, you get small info about one fature of the app. once you start to use it, the purpose just gets confusing, how does the tree grow? is the time a stopclock, a timer, im so confused! please improve this app to be more user friendly!",negative,negative,0.6065328121185303
lost status bar info,neutral,negative,0.8238718509674072
it was fine before i was forced to update.,neutral,neutral,0.7600172162055969
